Product ID;Image;Nom;Référence;Catégorie;Montant HT;Montant TTC;Quantité
5879;https://fastcash-geneve.ch/img/p/7/7/5/7/7757.jpg;GOD OF WAR Ragnarok PS5. Produit neuf.;;Consoles, Jeux Vidéo;49.9;49,90 CHF;1
5878;https://fastcash-geneve.ch/img/p/7/7/4/9/7749-small_default.jpg;Lenovo 82Y1 Intel I5 13Th 16GB 512GB écran tactile.;;Informatique;379.9;379,90 CHF;1
5877;https://fastcash-geneve.ch/img/p/7/7/4/6/7746-small_default.jpg;Samsung Galaxy Z Fold 7 1TB 16GB Ram, batterie 100% garantie 18 mois.;;Téléphonie;1449.9;1 449,90 CHF;1
5876;https://fastcash-geneve.ch/img/p/7/7/4/4/7744-small_default.jpg;Extracteur de jus Hurom Slow Juicer, produit neuf, garantie 2 ans.;;Promotions;299.9;299,90 CHF;1
5875;https://fastcash-geneve.ch/img/p/7/7/4/1/7741-small_default.jpg;Louis Vuitton Artsy GM Toile Damier Azur.;;Luxe;699.9;699,90 CHF;1
5874;https://fastcash-geneve.ch/img/p/7/7/4/0/7740-small_default.jpg;Apple Watch Serie 11 46MM GPS, état neuf.;;Téléphonie;249.9;249,90 CHF;1
5873;https://fastcash-geneve.ch/img/p/7/7/3/6/7736-small_default.jpg;Samsung Galaxy Z Flip 6 256gb Dual SIM 5G.;;Téléphonie;499.9;499,90 CHF;1
5872;https://fastcash-geneve.ch/img/p/7/7/3/5/7735-small_default.jpg;Apple iPhone 17 Pro Max 512GB, état neuf, garantie 2 ans. Batterie 1 cycles.;;Téléphonie;1239.9;1 239,90 CHF;1
5871;https://fastcash-geneve.ch/img/p/7/7/2/9/7729-small_default.jpg;Sneakers Burberry P41, état neuf.;;Luxe;219.9;219,90 CHF;1
5870;https://fastcash-geneve.ch/img/p/7/7/2/8/7728-small_default.jpg;Samsung Galaxy S26 Ultra 5G 256GB 12GB Dual Sim. Produit neuf scellé garantie 2 ans.;;Téléphonie;799.9;799,90 CHF;1
5869;https://fastcash-geneve.ch/img/p/7/7/2/7/7727-small_default.jpg;Console Playstation 5 Slim Digital 825GB. État neuf.;;Consoles, Jeux Vidéo;329.9;329,90 CHF;1
5868;https://fastcash-geneve.ch/img/p/7/7/2/5/7725-small_default.jpg;Huawei Matebook X Pro, Intel I7 8TH 8GB 512GB état neuf.;;Informatique;499.9;499,90 CHF;1
5867;https://fastcash-geneve.ch/img/p/7/7/2/3/7723-small_default.jpg;Console Nintendo Switch 2, état neuf. Console complète.;;Consoles, Jeux Vidéo;319.9;319,90 CHF;1
5866;https://fastcash-geneve.ch/img/p/7/7/2/0/7720-small_default.jpg;Tablette Samsung Galaxy Tab A9 + 5G 64GB.;;Informatique;149.9;149,90 CHF;1
5865;https://fastcash-geneve.ch/img/p/7/7/1/6/7716-small_default.jpg;Apple iPad Pro 11’’ M5 256GB Wifi, état neuf, garantie 2 ans, batterie 100%.;;Informatique;729.9;729,90 CHF;0
5863;https://fastcash-geneve.ch/img/p/7/7/1/5/7715-small_default.jpg;Joy Con Nintendo Switch 2, produit neuf.;;Consoles, Jeux Vidéo;29.9;29,90 CHF;1
5862;https://fastcash-geneve.ch/img/p/7/7/1/4/7714-small_default.jpg;Joy Con Nintendo Switch 2, produit neuf.;;Consoles, Jeux Vidéo;29.9;29,90 CHF;2
5861;https://fastcash-geneve.ch/img/p/7/7/1/3/7713-small_default.jpg;Coffret Jean Paul Gaultier Divine, eau de parfum.;;Luxe;119.9;119,90 CHF;1
5860;https://fastcash-geneve.ch/img/p/7/7/1/1/7711-small_default.jpg;Eau de parfum Paco Rabanne Phantom coffret 100ml.;;Luxe;99.9;99,90 CHF;1
5859;https://fastcash-geneve.ch/img/p/7/7/0/8/7708-small_default.jpg;Lunettes de soleil Bally BY2074A;;Luxe;199.9;199,90 CHF;1
5858;https://fastcash-geneve.ch/img/p/7/7/0/5/7705-small_default.jpg;Lunettes de soleil Gucci GG0598S;;Luxe;199.9;199,90 CHF;1
5857;https://fastcash-geneve.ch/img/p/7/7/0/3/7703-small_default.jpg;Eau de parfum Acqua Di Parma Lily Of The Valley 180ml. Produit neuf.;;Luxe;139.9;139,90 CHF;1
5856;https://fastcash-geneve.ch/img/p/7/7/0/1/7701-small_default.jpg;Canon 70-200 Ultrasonic F4 IS USM;;Image&Son;699.9;699,90 CHF;1
5855;https://fastcash-geneve.ch/img/p/7/6/9/9/7699-small_default.jpg;Sony FE 14MM F1.8 GM. Produit neuf, facture et garantie 2 ans.;;Image&Son;899.9;899,90 CHF;0
5854;https://fastcash-geneve.ch/img/p/7/6/9/4/7694-small_default.jpg;Sony FE 100MM F2.8 Macro GM OSS. Produit neuf, facture et garantie 2 ans.;;Image&Son;999.9;999,90 CHF;1
5853;https://fastcash-geneve.ch/img/p/7/6/9/3/7693-small_default.jpg;Apple iPhone 17 Pro Max 512GB, produit neuf scellé, garantie 2 ans.;;Téléphonie;1279.9;1 279,90 CHF;1
5852;https://fastcash-geneve.ch/img/p/7/6/9/1/7691-small_default.jpg;Sac Gucci vintage à bandoulière.;;Luxe;299.9;299,90 CHF;1
5851;https://fastcash-geneve.ch/img/p/7/6/8/4/7684-small_default.jpg;Sac à main Louis Vuitton Delightful toile monogram.;;Luxe;899.9;899,90 CHF;1
5850;https://fastcash-geneve.ch/img/p/7/6/7/6/7676-small_default.jpg;Louis Vuitton Neverfull MM Cuir Empreinte.;;Luxe;1999.9;1 999,90 CHF;1
5847;https://fastcash-geneve.ch/img/p/7/6/6/3/7663-small_default.jpg;Sneakers Balmain Unicorn P41-42. Etat neuf.;;Luxe;899.9;899,90 CHF;1
5846;https://fastcash-geneve.ch/img/p/7/6/6/1/7661-small_default.jpg;Climatiseur mobile Electrolux EXP26U339CW. Produit neuf.;;Promotions;479.9;479,90 CHF;1
5845;https://fastcash-geneve.ch/img/p/7/6/5/7/7657-small_default.jpg;Christofle Plateau Vertigo 26x20. Produit neuf.;;Luxe;579.9;579,90 CHF;1
5844;https://fastcash-geneve.ch/img/p/7/6/5/5/7655-small_default.jpg;Apple MacBook Air 13’’ M5 512GB 16GB, neuf, scellé, facture et garantie 2 ans.;;Informatique;849.9;849,90 CHF;0
5843;https://fastcash-geneve.ch/img/p/7/6/5/4/7654-small_default.jpg;Apple iPhone 17 Pro Max 256GB Bleu, neuf, scellé, garantie 2 ans.;;Téléphonie;1079.9;1 079,90 CHF;1
5842;https://fastcash-geneve.ch/img/p/7/6/5/2/7652-small_default.jpg;Chemise femme Burberry taille S.;;Luxe;229.9;229,90 CHF;1
5841;https://fastcash-geneve.ch/img/p/7/6/4/7/7647-small_default.jpg;Sac bandoulière Louis Vuitton Photographe toile monogram, vintage.;;Luxe;649.9;649,90 CHF;1
5840;https://fastcash-geneve.ch/img/p/7/6/4/6/7646-small_default.jpg;Prada America’s Cup P45.;;Luxe;499.9;499,90 CHF;1
5839;https://fastcash-geneve.ch/img/p/7/6/3/9/7639-small_default.jpg;Sacoche bandoulière Gucci X Doraemon toile GG Suprême, édition Fujiko-Pro 7;;Luxe;899.9;899,90 CHF;1
5838;https://fastcash-geneve.ch/img/p/7/6/3/4/7634-small_default.jpg;Pochette maquillage Louis Vuitton toile monogram.;;Luxe;499.9;499,90 CHF;1
5837;https://fastcash-geneve.ch/img/p/7/6/3/2/7632-small_default.jpg;Gucci Fedora en toile GG, taille S, état neuf, avec facture.;;Luxe;399.9;399,90 CHF;1
5836;https://fastcash-geneve.ch/img/p/7/6/3/0/7630-small_default.jpg;Apple iPhone 17 Pro 256GB Silver, produit neuf scellé garantie 2 ans.;;Téléphonie;979.9;979,90 CHF;0
5835;https://fastcash-geneve.ch/img/p/7/6/2/7/7627-small_default.jpg;Lenovo T14S Intel I7 13TH, 16GB 500GB SSD, Win 11, état neuf.;;Informatique;599.9;599,90 CHF;1
5834;https://fastcash-geneve.ch/img/p/7/6/2/4/7624-small_default.jpg;HP Envy 14’’ AMD A7 2GHZ 16GB 1000GB SSD.;;Informatique;599.9;599,90 CHF;1
5833;https://fastcash-geneve.ch/img/p/7/6/2/0/7620-small_default.jpg;Escarpins Louis Vuitton P38 1/2;;Luxe;239.9;239,90 CHF;1
5832;https://fastcash-geneve.ch/img/p/7/6/1/5/7615-small_default.jpg;Escarpins BCBG P38 1/2. Etat neuf.;;Luxe;199.9;199,90 CHF;1
5831;https://fastcash-geneve.ch/img/p/7/6/1/2/7612-small_default.jpg;Asics Gel Solomon P41 1/2. Produit neuf.;;Luxe;99.9;99,90 CHF;1
5830;https://fastcash-geneve.ch/img/p/7/6/0/9/7609-small_default.jpg;Bottes Gucci pour enfants P28.;;Luxe;59.9;59,90 CHF;1
5829;https://fastcash-geneve.ch/img/p/7/5/9/9/7599-small_default.jpg;Hermes Garden Party 36 cuir Taurillon Clémence. Avec facture.;;Luxe;2499.9;2 499,90 CHF;1
5828;https://fastcash-geneve.ch/img/p/fr-default-small_default.jpg;N/D;;Accueil;0.0;0,00 CHF;0
5827;https://fastcash-geneve.ch/img/p/7/5/9/6/7596-small_default.jpg;Porte monnaie Montblanc en cuir.;;Luxe;169.9;169,90 CHF;1
5826;https://fastcash-geneve.ch/img/p/7/5/9/3/7593-small_default.jpg;Sac bandoulière Burberry, collection 2025.;;Luxe;399.9;399,90 CHF;1
5825;https://fastcash-geneve.ch/img/p/7/5/9/0/7590-small_default.jpg;Lunettes de soleil Cartier Santos CT0195S, état neuf. Taille 140.;;Luxe;1099.9;1 099,90 CHF;1
5824;https://fastcash-geneve.ch/img/p/7/5/8/7/7587-small_default.jpg;Monture Cartier décor C classique.;;Luxe;599.9;599,90 CHF;1
5823;https://fastcash-geneve.ch/img/p/7/5/8/4/7584-small_default.jpg;Apple MacBook Pro 16’’ TouchBar 2017 Intel I7 2.6 16GB 256GB batterie neuve.;;Informatique;399.9;399,90 CHF;1
5822;https://fastcash-geneve.ch/img/p/7/5/8/1/7581-small_default.jpg;Apple MacBook Pro 13’’ 2015 Intel I5 2.7 8GB 256GB;;Informatique;299.9;299,90 CHF;1
5821;https://fastcash-geneve.ch/img/p/7/5/8/0/7580-small_default.jpg;Apple iPhone 17 Air 256GB, neuf, scellé, garantie 2 ans.;;Téléphonie;699.9;699,90 CHF;0
5820;https://fastcash-geneve.ch/img/p/7/5/7/9/7579-small_default.jpg;Apple iPhone 16 128GB Ultramarine, produit neuf.;;Téléphonie;619.9;619,90 CHF;1
5819;https://fastcash-geneve.ch/img/p/7/5/7/7/7577-small_default.jpg;Lunettes de soleil Prada SPRA25. Produit neuf.;;Luxe;199.9;199,90 CHF;1
5818;https://fastcash-geneve.ch/img/p/7/5/7/4/7574-small_default.jpg;Google Pixel 9 Pro XL 256GB 5G Dual Sim.;;Téléphonie;559.9;559,90 CHF;1
5817;https://fastcash-geneve.ch/img/p/7/5/7/2/7572-small_default.jpg;Pochette Gucci en cuir pour tablette.;;Luxe;119.9;119,90 CHF;1
5816;https://fastcash-geneve.ch/img/p/7/5/6/5/7565-small_default.jpg;Sac à dos randonnée Louis Vuitton X Nigo, état neuf.;;Luxe;1999.9;1 999,90 CHF;1
5815;https://fastcash-geneve.ch/img/p/7/5/6/2/7562-small_default.jpg;Polo Gucci taille S;;Luxe;299.9;299,90 CHF;1
5814;https://fastcash-geneve.ch/img/p/7/5/6/0/7560-small_default.jpg;Veste en jean’s Fendi taille M.;;Luxe;299.9;299,90 CHF;1
5813;https://fastcash-geneve.ch/img/p/7/5/5/6/7556-small_default.jpg;Chemise en soie Hermes taille M.;;Luxe;349.9;349,90 CHF;1
5812;https://fastcash-geneve.ch/img/p/7/5/5/4/7554-small_default.jpg;Chemise Versace taille L.;;Luxe;799.9;799,90 CHF;1
5811;https://fastcash-geneve.ch/img/p/7/5/5/1/7551-small_default.jpg;Chemise Versace taille L.;;Luxe;799.9;799,90 CHF;1
5807;https://fastcash-geneve.ch/img/p/7/5/4/8/7548-small_default.jpg;Chemise Versace taille L.;;Luxe;499.9;499,90 CHF;1
5806;https://fastcash-geneve.ch/img/p/7/5/4/5/7545-small_default.jpg;Chemise Giani Versace taille L.;;Luxe;499.9;499,90 CHF;1
5805;https://fastcash-geneve.ch/img/p/7/5/4/3/7543-small_default.jpg;Chemise Versace Classic V2 taille L.;;Luxe;499.9;499,90 CHF;1
5803;https://fastcash-geneve.ch/img/p/7/5/4/1/7541-small_default.jpg;Mocassin Christian Louboutin P42.;;Luxe;299.9;299,90 CHF;1
5801;https://fastcash-geneve.ch/img/p/7/5/3/8/7538-small_default.jpg;Portefeuille Louis Vuitton Twist en cuir épi.;;Luxe;299.9;299,90 CHF;0
5799;https://fastcash-geneve.ch/img/p/7/5/3/2/7532-small_default.jpg;Sac à main Dolce Gabbana, état neuf.;;Luxe;599.9;599,90 CHF;1
5797;https://fastcash-geneve.ch/img/p/7/5/3/0/7530-small_default.jpg;Short de bain Fendi taille M. État neuf.;;Luxe;179.9;179,90 CHF;1
5796;https://fastcash-geneve.ch/img/p/7/5/2/7/7527-small_default.jpg;Asus Rog Ally Edition Xbox 16GB 512GB état neuf, avec garantie 18 mois.;;Consoles, Jeux Vidéo;399.9;399,90 CHF;1
5795;https://fastcash-geneve.ch/img/p/7/5/2/5/7525-small_default.jpg;Sigma 17-55 F2.8 monture Nikon.;;Image&Son;199.9;199,90 CHF;1
5794;https://fastcash-geneve.ch/img/p/7/5/2/0/7520-small_default.jpg;Nikon d7200 avec 18-105, état neuf, seulement 640 déclenchements.;;Image&Son;599.9;599,90 CHF;1
5793;https://fastcash-geneve.ch/img/p/7/5/1/9/7519-small_default.jpg;Casque audio Sony XM5 avec réduction de bruits.;;Image&Son;129.9;129,90 CHF;1
5791;https://fastcash-geneve.ch/img/p/7/5/1/0/7510-small_default.jpg;Casquette Gucci GG taille S.;;Luxe;299.9;299,90 CHF;1
5790;https://fastcash-geneve.ch/img/p/7/5/0/8/7508-small_default.jpg;Apple Watch Serie 11 46MM GPS Cellular, batterie 100%. Etat neuf.;;Téléphonie;339.9;339,90 CHF;1
5788;https://fastcash-geneve.ch/img/p/7/5/0/6/7506-small_default.jpg;Pantalon polaire Burberry taille 42. Produit neuf.;;Luxe;449.9;449,90 CHF;1
5787;https://fastcash-geneve.ch/img/p/7/5/0/5/7505-small_default.jpg;Casque gamer sans fil Razer Baraccuda X. Produit neuf.;;Consoles, Jeux Vidéo;69.9;69,90 CHF;1
5786;https://fastcash-geneve.ch/img/p/7/5/0/1/7501-small_default.jpg;Lunettes de soleil Valentino, état neuf.;;Luxe;199.9;199,90 CHF;1
5785;https://fastcash-geneve.ch/img/p/7/4/9/9/7499-small_default.jpg;Apple Watch Serie 10 46MM GPS Batterie 100%.;;Téléphonie;199.9;199,90 CHF;0
5784;https://fastcash-geneve.ch/img/p/fr-default-small_default.jpg;Apple Watch Ultra 2 Pour William;;Téléphonie;399.9;399,90 CHF;0
5783;https://fastcash-geneve.ch/img/p/7/4/9/6/7496-small_default.jpg;Lunettes de soleil Versace 2226, état neuf.;;Luxe;199.9;199,90 CHF;1
5782;https://fastcash-geneve.ch/img/p/7/4/9/4/7494-small_default.jpg;Apple iPhone 15 256GB Batterie 87%;;Téléphonie;579.9;579,90 CHF;1
5781;https://fastcash-geneve.ch/img/p/7/4/9/1/7491-small_default.jpg;Louis Vuitton Trainer P43. Produit neuf.;;Luxe;899.9;899,90 CHF;1
5780;https://fastcash-geneve.ch/img/p/7/4/8/8/7488-small_default.jpg;JBL Xtreme 4, produit neuf scellé.;;Image&Son;199.9;199,90 CHF;0
5779;https://fastcash-geneve.ch/img/p/7/4/8/7/7487-small_default.jpg;Console Playstation 5 Slim 1TB avec lecteur, produit neuf scellé facture et garantie 2 ans.;;Téléphonie;439.9;439,90 CHF;1
5778;https://fastcash-geneve.ch/img/p/7/4/8/1/7481-small_default.jpg;Apple iPhone 17 Pro 256GB Silver, vendu dans l’état, choc et écran fissuré.;;Téléphonie;699.9;699,90 CHF;0
5777;https://fastcash-geneve.ch/img/p/7/4/8/0/7480-small_default.jpg;Apple iPhone 17 256GB Noir, batterie 100%, garantie Apple 1 an. État neuf.;;Téléphonie;649.9;649,90 CHF;1
5776;https://fastcash-geneve.ch/img/p/fr-default-small_default.jpg;N/D;;Accueil;0.0;0,00 CHF;0
5775;https://fastcash-geneve.ch/img/p/7/4/7/6/7476-small_default.jpg;Apple IPad A16 2026 128GB Wifi, état neuf, garantie Apple 04.27 vendu avec une coque de protection.;;Informatique;249.9;249,90 CHF;0
5774;https://fastcash-geneve.ch/img/p/7/4/7/0/7470-small_default.jpg;Kalkhoff Image C+ Advance, neuf, facture garantie 10 ans﻿. Vélo acheté le 27.04.26;;Accueil;2000.0;2 000,00 CHF;0
5773;https://fastcash-geneve.ch/img/p/7/4/6/8/7468-small_default.jpg;Apple AirPods Max 2, produit neuf scellé.;;Image&Son;399.9;399,90 CHF;0
5772;https://fastcash-geneve.ch/img/p/7/4/6/7/7467-small_default.jpg;Samsung Galaxy A57 5G 256GB 8GB Dual SIM, produit neuf scellé facture et garantie 2 ans.;;Téléphonie;379.9;379,90 CHF;1
5771;https://fastcash-geneve.ch/img/p/7/4/6/6/7466-small_default.jpg;Samsung Galaxy A57 5G 256GB 8GB Dual SIM, produit neuf scellé facture et garantie 2 ans.;;Téléphonie;379.9;379,90 CHF;0
5770;https://fastcash-geneve.ch/img/p/7/4/5/8/7458-small_default.jpg;Valise vintage Gucci 68x40x22;;Luxe;699.9;699,90 CHF;1
5769;https://fastcash-geneve.ch/img/p/7/4/5/4/7454-small_default.jpg;Samsung Galaxy A56 5G Dual Sim 128GB 8GB Batterie 100;;Téléphonie;219.9;219,90 CHF;1
5768;https://fastcash-geneve.ch/img/p/7/4/5/1/7451-small_default.jpg;Apple MacBook Air 15 M2 2023 16GB 256GB;;Informatique;599.9;599,90 CHF;1
5767;https://fastcash-geneve.ch/img/p/7/4/4/9/7449-small_default.jpg;Apple AirPods Serie 3 ANC, état neuf.;;Téléphonie;149.9;149,90 CHF;1
5766;https://fastcash-geneve.ch/img/p/7/4/4/8/7448-small_default.jpg;Apple AirPods Serie 4 ANC, état neuf, garantie Apple 03.27;;Téléphonie;119.9;119,90 CHF;1
5765;https://fastcash-geneve.ch/img/p/fr-default-small_default.jpg;iPhone Air Pour Jazila;;Téléphonie;699.9;699,90 CHF;1
5764;https://fastcash-geneve.ch/img/p/7/4/4/5/7445-small_default.jpg;Louis Vuitton Trainer P38, état neuf, avec facture et dust bag.;;Luxe;749.9;749,90 CHF;1
5763;https://fastcash-geneve.ch/img/p/7/4/4/1/7441-small_default.jpg;Apple iPhone 16 128GB Batterie 96%;;Téléphonie;549.9;549,90 CHF;0
5762;https://fastcash-geneve.ch/img/p/7/4/4/0/7440-small_default.jpg;Apple iPhone 17 Pro Max 256GB Orange, batterie 100%, garantie Apple 2 ans, produit neuf.;;Téléphonie;1029.9;1 029,90 CHF;0
5761;https://fastcash-geneve.ch/img/p/7/4/3/7/7437-small_default.jpg;MSI Cybord 15 Intel I7 2.5GHZ, RTX 5060 8GB, 1TB, 32GB Ram, écran 244hz. Produit neuf.;;Informatique;999.9;999,90 CHF;1
5760;https://fastcash-geneve.ch/img/p/7/4/3/4/7434-small_default.jpg;Samsung Galaxy S25 Ultra 512GB 12GB 5G Dual Sim.;;Téléphonie;699.9;699,90 CHF;0
5759;https://fastcash-geneve.ch/img/p/7/4/3/3/7433-small_default.jpg;Apple AirPods 4. Produit neuf scellé avec facture.;;Image&Son;99.9;99,90 CHF;1
5756;https://fastcash-geneve.ch/img/p/7/4/3/0/7430-small_default.jpg;Dyson Purifier Cool, état neuf avec télécommande.;;Bonnes Affaires;299.9;299,90 CHF;1
5755;https://fastcash-geneve.ch/img/p/7/4/2/9/7429-small_default.jpg;Apple iPhone 17 Air 256GB Noir, produit neuf scellé garantie 2 ans.;;Téléphonie;699.9;699,90 CHF;0
5754;https://fastcash-geneve.ch/img/p/7/4/2/6/7426-small_default.jpg;Nokton Voigtlander 50MM F1.1 Monture Leica;;Image&Son;749.9;749,90 CHF;1
5753;https://fastcash-geneve.ch/img/p/7/4/1/9/7419-small_default.jpg;Louis Vuitton Trainer Skate P38;;Luxe;499.9;499,90 CHF;1
5752;https://fastcash-geneve.ch/img/p/7/4/1/6/7416-small_default.jpg;Apple iPhone 17 Pro 256GB Orange, batterie 100% état neuf garantie Apple 04.27;;Téléphonie;959.9;959,90 CHF;0
5751;https://fastcash-geneve.ch/img/p/7/4/1/2/7412-small_default.jpg;Briquet de table Dunhill.;;Luxe;599.9;599,90 CHF;1
5750;https://fastcash-geneve.ch/img/p/7/4/0/6/7406-small_default.jpg;Briquet Dunhill Unique;;Luxe;299.9;299,90 CHF;2
5749;https://fastcash-geneve.ch/img/p/7/4/0/3/7403-small_default.jpg;Porte-mine Montblanc Meisterstück LeGrand.;;Luxe;249.9;249,90 CHF;1
5748;https://fastcash-geneve.ch/img/p/7/4/0/1/7401-small_default.jpg;Porte-mine Montblanc Starwalker;;Accueil;249.9;249,90 CHF;0
5747;https://fastcash-geneve.ch/img/p/7/3/9/7/7397-small_default.jpg;Porte-mine Montblanc MEISTERSTÜCK CLASSIQUE PLATINÉ, 0.7 MM;;Luxe;229.9;229,90 CHF;1
5746;https://fastcash-geneve.ch/img/p/7/3/9/4/7394-small_default.jpg;Stylo bille Montblanc Meisterstück LeGrand platiné, état neuf. Vendu sans boîte.;;Luxe;329.9;329,90 CHF;2
5745;https://fastcash-geneve.ch/img/p/7/3/9/3/7393-small_default.jpg;Étui en cuir Montblanc pour 2 stylos.;;Luxe;119.9;119,90 CHF;1
5744;https://fastcash-geneve.ch/img/p/7/3/9/1/7391-small_default.jpg;Étui Montblanc en cuir pour 3 stylos.;;Luxe;179.9;179,90 CHF;1
5743;https://fastcash-geneve.ch/img/p/7/3/8/8/7388-small_default.jpg;Étui à Briquet Dupont en cuir.;;Luxe;99.9;99,90 CHF;1
5742;https://fastcash-geneve.ch/img/p/7/3/8/4/7384-small_default.jpg;Coupe Cigare Dupont en plaque Or.;;Luxe;199.9;199,90 CHF;1
5741;https://fastcash-geneve.ch/img/p/7/3/8/0/7380-small_default.jpg;Coupe cigare Dupont Gatsby Laque de Chine;;Luxe;199.9;199,90 CHF;1
5740;https://fastcash-geneve.ch/img/p/7/3/7/6/7376-small_default.jpg;Briquet Dupont Ligne 2 Line Gold Vintage.;;Luxe;329.9;329,90 CHF;1
5739;https://fastcash-geneve.ch/img/p/7/3/7/0/7370-small_default.jpg;Briquet Cartier Trinity Vintage.;;Luxe;199.9;199,90 CHF;0
5738;https://fastcash-geneve.ch/img/p/7/3/6/4/7364-small_default.jpg;Briquet Dupont Gatsby Vintage en plaqué Or.;;Luxe;379.9;379,90 CHF;1
5737;https://fastcash-geneve.ch/img/p/7/3/5/8/7358-small_default.jpg;Briquet Dupont Ligne 2 Laque De Chine.;;Luxe;479.9;479,90 CHF;1
5736;https://fastcash-geneve.ch/img/p/7/3/5/7/7357-small_default.jpg;Playstation 5 Slim 1TB avec lecteur, produit neuf.;;Consoles, Jeux Vidéo;439.9;439,90 CHF;1
5735;https://fastcash-geneve.ch/img/p/7/3/5/4/7354-small_default.jpg;Samsung Galaxy Z Fold 5 512GB 12GB Dual SIM.;;Téléphonie;599.9;599,90 CHF;1
5734;https://fastcash-geneve.ch/img/p/7/3/5/0/7350-small_default.jpg;Samsung Galaxy Z Fold 7 512GB 12GB 5G Dual Sim état neuf.;;Téléphonie;999.9;999,90 CHF;0
5731;https://fastcash-geneve.ch/img/p/7/3/4/7/7347-small_default.jpg;Swatch X Omega Mission To Moon, état neuf, full set.;;Luxe;219.9;219,90 CHF;1
5730;https://fastcash-geneve.ch/img/p/7/3/4/5/7345-small_default.jpg;Briquet Dupont Initial Palladium, état neuf avec facture.;;Luxe;399.9;399,90 CHF;1
5729;https://fastcash-geneve.ch/img/p/7/3/4/0/7340-small_default.jpg;Bague en Or 18K avec pièce espagnol en Or 24K. Taille 52. 5.8Gr.;;Luxe;999.9;999,90 CHF;1
5728;https://fastcash-geneve.ch/img/p/7/3/3/5/7335-small_default.jpg;Omega Constellation Quartz Vintage 35mm réf: 396.1201;;Luxe;1199.9;1 199,90 CHF;1
5727;https://fastcash-geneve.ch/img/p/7/3/3/0/7330-small_default.jpg;Bracelet en acier Philippe Charriol.;;Luxe;149.0;149,00 CHF;0
5726;https://fastcash-geneve.ch/img/p/7/3/2/8/7328-small_default.jpg;Bracelet cordon Audemars Piguet.;;Luxe;349.9;349,90 CHF;1
5725;https://fastcash-geneve.ch/img/p/7/3/2/6/7326-small_default.jpg;Bague en or 18K avec zirconium taille 54-55;;Luxe;499.9;499,90 CHF;1
5724;https://fastcash-geneve.ch/img/p/7/3/2/1/7321-small_default.jpg;Baume & Mercier Promesse 34mm Quartz full set état neuf.;;Luxe;1399.9;1 399,90 CHF;1
5723;https://fastcash-geneve.ch/img/p/7/3/1/4/7314-small_default.jpg;BA1110D Chapter 1.4 automatic, full set, état neuf.;;Luxe;699.9;699,90 CHF;1
5722;https://fastcash-geneve.ch/img/p/7/3/1/3/7313-small_default.jpg;Huawei Freebuds Pro 5. Produit neuf scellé.;;Image&Son;149.9;149,90 CHF;1
5721;https://fastcash-geneve.ch/img/p/7/3/1/1/7311-small_default.jpg;Apple iPhone 17 256GB Noir Batterie 100% Garantie Apple.;;Téléphonie;649.9;649,90 CHF;-1
5720;https://fastcash-geneve.ch/img/p/7/3/1/0/7310-small_default.jpg;Samsung Galaxy S26 Ultra 512GB 12GB 5G Noir, neuf scellé facture et garantie 2 ans.;;Téléphonie;899.9;899,90 CHF;1
5719;https://fastcash-geneve.ch/img/p/7/3/0/7/7307-small_default.jpg;Leica D-Lux 7 17MP;;Image&Son;699.9;699,90 CHF;0
5718;https://fastcash-geneve.ch/img/p/7/3/0/5/7305-small_default.jpg;Byredo Bal d’Afrique Absolu de parfum 100ml. Produit neuf.;;Luxe;299.9;299,90 CHF;1
5717;https://fastcash-geneve.ch/img/p/7/3/0/4/7304-small_default.jpg;Zelda Link’s Awakening, Nintendo Switch.;;Consoles, Jeux Vidéo;34.9;34,90 CHF;1
5716;https://fastcash-geneve.ch/img/p/7/3/0/3/7303-small_default.jpg;Zelda Skyward Sword HD, Nintendo Switch.;;Consoles, Jeux Vidéo;34.9;34,90 CHF;1
5715;https://fastcash-geneve.ch/img/p/7/3/0/2/7302-small_default.jpg;Dragonball Z Kakarot, Nintendo Switch.;;Consoles, Jeux Vidéo;29.9;29,90 CHF;1
5714;https://fastcash-geneve.ch/img/p/7/3/0/1/7301-small_default.jpg;Pokémon Let’s Go Pikachu, Nintendo Switch.;;Consoles, Jeux Vidéo;29.9;29,90 CHF;1
5713;https://fastcash-geneve.ch/img/p/7/3/0/0/7300-small_default.jpg;Hyrule Warriors, Nintendo Switch.;;Consoles, Jeux Vidéo;29.9;29,90 CHF;1
5712;https://fastcash-geneve.ch/img/p/7/2/9/9/7299-small_default.jpg;Super Kickers League Ultimate, Nintendo Switch.;;Consoles, Jeux Vidéo;29.9;29,90 CHF;1
5711;https://fastcash-geneve.ch/img/p/7/2/9/8/7298-small_default.jpg;Zelda Tears of the kingdom, Nintendo Switch 2. Produit neuf.;;Consoles, Jeux Vidéo;50.0;50,00 CHF;1
5709;https://fastcash-geneve.ch/img/p/7/2/9/7/7297-small_default.jpg;FIFA 19 Nintendo Switch;;Consoles, Jeux Vidéo;10.0;10,00 CHF;1
5708;https://fastcash-geneve.ch/img/p/7/2/9/6/7296-small_default.jpg;FC25 Nintendo Switch;;Consoles, Jeux Vidéo;20.0;20,00 CHF;1
5707;https://fastcash-geneve.ch/img/p/7/2/9/1/7291-small_default.jpg;DJI Mavic 2 Pro, avec 2 batteries et télécommande.;;Image&Son;699.9;699,90 CHF;1
5705;https://fastcash-geneve.ch/img/p/7/2/8/5/7285-small_default.jpg;Louis Vuitton Cabas OnTheGo GM toile monogram, état neuf avec facture et dust bag.;;Luxe;2399.9;2 399,90 CHF;1
5704;https://fastcash-geneve.ch/img/p/7/2/8/1/7281-small_default.jpg;Louis Vuitton Capucine Mini Flower Crown, cuir taurillon, état neuf avec facture bandoulière et dust bag.;;Luxe;3999.9;3 999,90 CHF;1
5703;https://fastcash-geneve.ch/img/p/7/2/7/5/7275-small_default.jpg;DJI Action 3 4K avec 2 batteries et caisson étanche.;;Accueil;159.9;159,90 CHF;1
5702;https://fastcash-geneve.ch/img/p/7/2/7/0/7270-small_default.jpg;DJI OSMO Pocket 1;;Image&Son;119.9;119,90 CHF;0
5701;https://fastcash-geneve.ch/img/p/7/2/6/7/7267-small_default.jpg;Console PSP-1004 avec chargeur.;;Consoles, Jeux Vidéo;159.9;159,90 CHF;1
5699;https://fastcash-geneve.ch/img/p/7/2/6/3/7263-small_default.jpg;Moncler Trailgrip P43.;;Luxe;379.9;379,90 CHF;1
5698;https://fastcash-geneve.ch/img/p/7/2/6/0/7260-small_default.jpg;Lunettes de soleil Cartier CT0195S, état neuf.;;Luxe;999.9;999,90 CHF;1
5697;https://fastcash-geneve.ch/img/p/7/2/5/7/7257-small_default.jpg;Lunettes de soleil Gucci GG010;;Luxe;299.9;299,90 CHF;1
5696;https://fastcash-geneve.ch/img/p/7/2/5/5/7255-small_default.jpg;Casque Bose Quietcomfort ANC. Etat neuf.;;Image&Son;249.9;249,90 CHF;1
5694;https://fastcash-geneve.ch/img/p/7/2/5/4/7254-small_default.jpg;Samsung Galaxy Tab Active 4 Pro. Produit neuf.;;Informatique;399.9;399,90 CHF;1
5693;https://fastcash-geneve.ch/img/p/7/2/5/2/7252-small_default.jpg;Apple IPhone 15 Pro Max 256GB Batterie 89%;;Téléphonie;699.9;699,90 CHF;1
5692;https://fastcash-geneve.ch/img/p/7/2/4/9/7249-small_default.jpg;Nubia Z70 Ultra 256GB 12GB 5G Dual Sim Écran Oled 144HZ. État neuf.;;Téléphonie;699.9;699,90 CHF;1
5691;https://fastcash-geneve.ch/img/p/7/2/4/7/7247-small_default.jpg;Apple AirPods Pro 2, état neuf, garantie Apple 02.26;;Image&Son;149.9;149,90 CHF;1
5690;https://fastcash-geneve.ch/img/p/7/2/4/6/7246-small_default.jpg;Apple AirPods Max USB-C état neuf.;;Image&Son;329.9;329,90 CHF;1
5688;https://fastcash-geneve.ch/img/p/7/2/4/2/7242-small_default.jpg;Sneakers Louis Vuitton Runaway P38 1/2. État neuf vendu avec boite facture et dust bag.;;Luxe;549.9;549,90 CHF;1
5687;https://fastcash-geneve.ch/img/p/7/2/3/9/7239-small_default.jpg;Samsung Galaxy S25 FE 128GB 8GB Dual SIM 5G, état neuf, avec coque et verre trempé.;;Téléphonie;399.9;399,90 CHF;0
5685;https://fastcash-geneve.ch/img/p/7/2/3/6/7236-small_default.jpg;Lunettes de soleil Prada SPR13Z;;Luxe;269.9;269,90 CHF;1
5684;https://fastcash-geneve.ch/img/p/7/2/3/4/7234-small_default.jpg;Lunettes de soleil Fred, verre Diamond cut.;;Luxe;599.9;599,90 CHF;1
5683;https://fastcash-geneve.ch/img/p/7/2/2/9/7229-small_default.jpg;Canon 100D avec 18-55, 18MP vidéo Full HD.;;Image&Son;249.9;249,90 CHF;1
5682;https://fastcash-geneve.ch/img/p/7/2/2/6/7226-small_default.jpg;Casquette Gucci taille M.;;Luxe;269.9;269,90 CHF;1
5681;https://fastcash-geneve.ch/img/p/7/2/2/4/7224-small_default.jpg;Samsung Galaxy S26 256GB Noir, produit neuf scellé garantie 2 ans.;;Téléphonie;579.9;579,90 CHF;0
5680;https://fastcash-geneve.ch/img/p/7/2/2/3/7223-small_default.jpg;Apple iPhone 17 Air 256GB Noir, neuf scellé garantie 2 ans.;;Téléphonie;699.9;699,90 CHF;0
5679;https://fastcash-geneve.ch/img/p/7/2/2/1/7221-small_default.jpg;Apple iPhone 16 Pro Max 256GB Batterie 98%;;Téléphonie;799.9;799,90 CHF;1
5678;https://fastcash-geneve.ch/img/p/7/2/2/0/7220-small_default.jpg;Apple iPhone 15 Pro Max 256GB Batterie 97%;;Téléphonie;699.9;699,90 CHF;1
5677;https://fastcash-geneve.ch/img/p/7/2/1/8/7218-small_default.jpg;Apple iPhone 17 Pro 256GB Orange, produit neuf scellé garantie 2 ans.;;Téléphonie;999.9;999,90 CHF;1
5676;https://fastcash-geneve.ch/img/p/7/2/1/7/7217-small_default.jpg;Apple iPhone 17 256GB Noir, produit neuf scellé garantie 2 ans.;;Téléphonie;699.9;699,90 CHF;0
5675;https://fastcash-geneve.ch/img/p/7/2/1/4/7214-small_default.jpg;Lunettes de soleil Brunello Cucinelli en titane.;;Luxe;349.9;349,90 CHF;1
5674;https://fastcash-geneve.ch/img/p/7/2/1/1/7211-small_default.jpg;Lunettes de soleil Gucci GG1077S. État neuf.;;Luxe;279.9;279,90 CHF;1
5673;https://fastcash-geneve.ch/img/p/7/2/0/8/7208-small_default.jpg;Lunettes de soleil Ray-ban RB3546;;Luxe;119.9;119,90 CHF;1
5672;https://fastcash-geneve.ch/img/p/7/2/0/5/7205-small_default.jpg;Lunettes de soleil Lacoste, état neuf.;;Luxe;69.9;69,90 CHF;1
5671;https://fastcash-geneve.ch/img/p/7/2/0/2/7202-small_default.jpg;Ray-ban RB2132;;Luxe;99.9;99,90 CHF;1
5670;https://fastcash-geneve.ch/img/p/7/1/9/9/7199-small_default.jpg;Lunettes de soleil Tom Ford TF619;;Luxe;229.9;229,90 CHF;0
5669;https://fastcash-geneve.ch/img/p/7/1/9/7/7197-small_default.jpg;Lunettes de soleil Fendi FF0267/S;;Luxe;219.9;219,90 CHF;1
5668;https://fastcash-geneve.ch/img/p/7/1/9/3/7193-small_default.jpg;Lunettes de soleil Olivier Peoples;;Luxe;249.9;249,90 CHF;1
5667;https://fastcash-geneve.ch/img/p/7/1/9/0/7190-small_default.jpg;Lunettes de soleil Giorgio Armani AR6135;;Luxe;149.9;149,90 CHF;1
5666;https://fastcash-geneve.ch/img/p/7/1/8/7/7187-small_default.jpg;Lunettes de soleil Marc Jacobs 1009, produit neuf.;;Luxe;89.9;89,90 CHF;1
5665;https://fastcash-geneve.ch/img/p/7/1/8/6/7186-small_default.jpg;Apple iPhone 17 Pro 256GB Silver. Produit neuf garantie 2 ans.;;Téléphonie;969.9;969,90 CHF;0
5664;https://fastcash-geneve.ch/img/p/7/1/8/3/7183-small_default.jpg;Lunettes de soleil Coach 50023.;;Luxe;1499.0;1 499,00 CHF;1
5663;https://fastcash-geneve.ch/img/p/7/1/8/1/7181-small_default.jpg;Lunettes de soleil Dsquared 2 DQ0220. Produit neuf.;;Luxe;99.9;99,90 CHF;1
5662;https://fastcash-geneve.ch/img/p/7/1/7/7/7177-small_default.jpg;Lunette de soleil Versace 4319;;Luxe;179.9;179,90 CHF;1
5661;https://fastcash-geneve.ch/img/p/7/1/7/4/7174-small_default.jpg;N/D;;Accueil;0.0;0,00 CHF;0
5660;https://fastcash-geneve.ch/img/p/7/1/7/1/7171-small_default.jpg;Lunettes de soleil Dolce Gabanna.;;Luxe;179.9;179,90 CHF;1
5658;https://fastcash-geneve.ch/img/p/7/1/6/7/7167-small_default.jpg;Lunettes de soleil Dior 3D, état neuf.;;Luxe;329.9;329,90 CHF;1
5657;https://fastcash-geneve.ch/img/p/7/1/6/5/7165-small_default.jpg;Apple iPhone 17 Pro Max 256GB Silver, batterie 100%, garantie Apple Octobre 2026.;;Téléphonie;1039.9;1 039,90 CHF;0
5656;https://fastcash-geneve.ch/img/p/7/1/6/4/7164-small_default.jpg;Hyrule Warriors, Nintendo Switch.;;Consoles, Jeux Vidéo;20.0;20,00 CHF;1
5655;https://fastcash-geneve.ch/img/p/7/1/6/3/7163-small_default.jpg;Super Mario Odyssey Nintendo Switch.;;Consoles, Jeux Vidéo;359.0;359,00 CHF;1
5654;https://fastcash-geneve.ch/img/p/7/1/6/2/7162-small_default.jpg;Apple iPhone 17 Pro Max 256GB Orange. Produit neuf scellé.;;Téléphonie;1099.9;1 099,90 CHF;0
5652;https://fastcash-geneve.ch/img/p/7/1/6/1/7161-small_default.jpg;Samsung Galaxy A17 5G 128GB Dual Sim.;;Téléphonie;159.9;159,90 CHF;1
5651;https://fastcash-geneve.ch/img/p/7/1/5/9/7159-small_default.jpg;Nikon D3400 avec 18-105, 24MP Vidéo Full Hd, 1232 déclenchements.;;Image&Son;329.9;329,90 CHF;1
5649;https://fastcash-geneve.ch/img/p/7/1/5/3/7153-small_default.jpg;Louis Vuitton Galliera MM toile monogram.;;Luxe;799.9;799,90 CHF;0
5647;https://fastcash-geneve.ch/img/p/7/1/4/8/7148-small_default.jpg;Samsung Book Cover pour A9 +. Produit neuf.;;Informatique;19.9;19,90 CHF;1
5646;https://fastcash-geneve.ch/img/p/7/1/4/4/7144-small_default.jpg;Lunettes de soleil Dolce Gabanna Cat Eye. État neuf, avec facture.;;Luxe;399.9;399,90 CHF;1
5645;https://fastcash-geneve.ch/img/p/7/1/3/7/7137-small_default.jpg;Sac à dos Brunello Cucinelli en cuir d’agneau. État neuf.;;Luxe;1299.9;1 299,90 CHF;1
5644;https://fastcash-geneve.ch/img/p/7/1/3/4/7134-small_default.jpg;Apple iPhone 13 Pro Max 256GB Batterie 100%;;Téléphonie;399.9;399,90 CHF;1
5642;https://fastcash-geneve.ch/img/p/7/1/2/6/7126-small_default.jpg;Louis Vuitton Capucine MM cuir d’autruche, état neuf, avec facture. Prix boutique 14 500.-;;Luxe;5999.9;5 999,90 CHF;1
5641;https://fastcash-geneve.ch/img/p/7/1/2/4/7124-small_default.jpg;Playstation 5 Slim 1Tb avec lecteur, produit neuf.;;Consoles, Jeux Vidéo;319.9;319,90 CHF;0
5640;https://fastcash-geneve.ch/img/p/7/1/2/2/7122-small_default.jpg;Vide poche Patek Philippe, produit neuf.;;Luxe;399.9;399,90 CHF;1
5639;https://fastcash-geneve.ch/img/p/7/1/1/9/7119-small_default.jpg;Accessoire téléphone Louis Vuitton toile damier azur. Avec facture.;;Luxe;199.9;199,90 CHF;1
5638;https://fastcash-geneve.ch/img/p/7/1/1/8/7118-small_default.jpg;Accessoire de sac Louis Vuitton.;;Luxe;99.9;99,90 CHF;1
5636;https://fastcash-geneve.ch/img/p/7/1/1/4/7114-small_default.jpg;Portefeuille Louis Vuitton Épi flore, cuir épi, avec facture.;;Luxe;259.9;259,90 CHF;1
5635;https://fastcash-geneve.ch/img/p/7/1/0/9/7109-small_default.jpg;Sac bandoulière Ami Noir.;;Luxe;189.9;189,90 CHF;1
5634;https://fastcash-geneve.ch/img/p/7/1/0/8/7108-small_default.jpg;Apple AirPods Max Lightning. Etat neuf.;;Image&Son;239.0;239,00 CHF;1
5633;https://fastcash-geneve.ch/img/p/7/1/0/7/7107-small_default.jpg;Apple iPad 10TH 64GB Wifi avec Smart Folio.;;Informatique;249.9;249,90 CHF;1
5632;https://fastcash-geneve.ch/img/p/7/1/0/2/7102-small_default.jpg;Microsoft Laptop 3 Intel I7 10TH 16GB 512GB Win 11 écran tactile.;;Informatique;449.9;449,90 CHF;1
5631;https://fastcash-geneve.ch/img/p/7/1/0/1/7101-small_default.jpg;Pokemon Snap, Nintendo Switch.;;Consoles, Jeux Vidéo;24.9;24,90 CHF;1
5630;https://fastcash-geneve.ch/img/p/7/1/0/0/7100-small_default.jpg;Mario et les Lapins Crétins. Nintendo Switch.;;Consoles, Jeux Vidéo;29.9;29,90 CHF;1
5629;https://fastcash-geneve.ch/img/p/7/0/9/9/7099-small_default.jpg;Mario + Lapins Crétin Nintendo Switch.;;Consoles, Jeux Vidéo;29.9;29,90 CHF;1
5628;https://fastcash-geneve.ch/img/p/7/0/9/8/7098-small_default.jpg;Zelda Skyward sword Nintendo Switch.;;Consoles, Jeux Vidéo;29.9;29,90 CHF;0
5627;https://fastcash-geneve.ch/img/p/7/0/9/7/7097-small_default.jpg;Pokemon Donjon Mystère Nintendo Switch;;Consoles, Jeux Vidéo;29.9;29,90 CHF;1
5626;https://fastcash-geneve.ch/img/p/fr-default-small_default.jpg;Écharpe Gucci Pour Sabrina, avec facture.;;Luxe;300.0;300,00 CHF;0
5625;https://fastcash-geneve.ch/img/p/7/0/9/4/7094-small_default.jpg;JBL Party Box avec bandouliere.;;Image&Son;299.9;299,90 CHF;1
5624;https://fastcash-geneve.ch/img/p/7/0/9/3/7093-small_default.jpg;Samsung Galaxy Tab S9 FE + 128GB Wifi;;Informatique;339.9;339,90 CHF;1
5623;https://fastcash-geneve.ch/img/p/7/0/8/7/7087-small_default.jpg;Sony ZV-1M2 20.1MP, état neuf.;;Image&Son;459.9;459,90 CHF;1
5621;https://fastcash-geneve.ch/img/p/7/0/8/4/7084-small_default.jpg;Backpack Mini Balenciaga avec bandoulière.;;Luxe;379.9;379,90 CHF;1
5620;https://fastcash-geneve.ch/img/p/7/0/8/1/7081-small_default.jpg;Corsair Gamer Intel I7 14700KF 3.4GHZ, 32Gb, 1TB, RTX 4070 Super 12GB, prix neuf 2700.-;;Informatique;1199.9;1 199,90 CHF;0
5619;https://fastcash-geneve.ch/img/p/7/0/7/9/7079-small_default.jpg;Canon 16-35 F2.8 L USM III;;Image&Son;899.9;899,90 CHF;0
5618;https://fastcash-geneve.ch/img/p/7/0/7/5/7075-small_default.jpg;Valise Tumi Tegra-Lite XXL (86.5H x 32P x 56L) en parfait état, prix boutique 1750.-;;Luxe;899.0;899,00 CHF;1
5616;https://fastcash-geneve.ch/img/p/7/0/7/3/7073-small_default.jpg;Eau de parfum Franck Namani, 100ML. Produit neuf.;;Luxe;199.9;199,90 CHF;1
5615;https://fastcash-geneve.ch/img/p/7/0/7/2/7072-small_default.jpg;Manette PlayStation 5.;;Consoles, Jeux Vidéo;50.0;50,00 CHF;0
5614;https://fastcash-geneve.ch/img/p/7/0/7/0/7070-small_default.jpg;Playstation 5 Fat 825Gb avec lecteur.;;Consoles, Jeux Vidéo;329.9;329,90 CHF;1
5613;https://fastcash-geneve.ch/img/p/7/0/6/5/7065-small_default.jpg;Apple iPad Air 11’’ M3 128GB Wifi. Etat neuf garantie Apple 1 an.;;Informatique;379.9;379,90 CHF;0
5612;https://fastcash-geneve.ch/img/p/7/0/6/1/7061-small_default.jpg;Louis Vuitton Archlight P39;;Luxe;499.9;499,90 CHF;0
5611;https://fastcash-geneve.ch/img/p/7/0/5/8/7058-small_default.jpg;Pull Stone Island taille M.;;Luxe;149.0;149,00 CHF;1
5610;https://fastcash-geneve.ch/img/p/7/0/5/5/7055-small_default.jpg;Sweat-shirt Stone Island taille M;;Luxe;239.9;239,90 CHF;1
5609;https://fastcash-geneve.ch/img/p/7/0/5/3/7053-small_default.jpg;Tee-shirt Dolce Gabbana taille M.;;Luxe;99.9;99,90 CHF;1
5608;https://fastcash-geneve.ch/img/p/7/0/5/1/7051-small_default.jpg;Chemise Gucci Gold star taille M-L;;Luxe;599.9;599,90 CHF;0
5606;https://fastcash-geneve.ch/img/p/7/0/4/9/7049-small_default.jpg;Apple MacBook Air 2015 I5 4G 128GB, OS X Monterey.;;Informatique;239.9;239,90 CHF;0
5605;https://fastcash-geneve.ch/img/p/7/0/4/8/7048-small_default.jpg;Écouteurs sans fil Baseus Inspire XP1, produit neuf.;;Image&Son;79.9;79,90 CHF;1
5603;https://fastcash-geneve.ch/img/p/7/0/4/3/7043-small_default.jpg;Casquette Gucci 25 en toile GG. Taille L.;;Luxe;439.9;439,90 CHF;0
5602;https://fastcash-geneve.ch/img/p/7/0/3/9/7039-small_default.jpg;Casquette Gucci en toile GG Noir, taille M.;;Luxe;339.9;339,90 CHF;1
5601;https://fastcash-geneve.ch/img/p/7/0/3/7/7037-small_default.jpg;Apple iPhone 17 Pro Max 256GB Orange, batterie 100%, état neuf, garantie Apple 1 an.;;Téléphonie;1049.9;1 049,90 CHF;0
5600;https://fastcash-geneve.ch/img/p/7/0/3/5/7035-small_default.jpg;Samsung Galaxy S24 Ultra 512GB Dual SIM 5G, état neuf.;;Téléphonie;699.9;699,90 CHF;0
5599;https://fastcash-geneve.ch/img/p/7/0/3/4/7034-small_default.jpg;Clavier gamer Razer Ornata V3.;;Informatique;29.9;29,90 CHF;1
5598;https://fastcash-geneve.ch/img/p/7/0/3/3/7033-small_default.jpg;Bally sceau en toile avec bandoulière.;;Luxe;379.9;379,90 CHF;1
5597;https://fastcash-geneve.ch/img/p/7/0/2/4/7024-small_default.jpg;Louis Vuitton Neverfull MM toile damier ébène.;;Luxe;899.9;899,90 CHF;-1
5596;https://fastcash-geneve.ch/img/p/7/0/1/9/7019-small_default.jpg;Pochette Fendi Clutch;;Luxe;299.9;299,90 CHF;1
5595;https://fastcash-geneve.ch/img/p/7/0/1/6/7016-small_default.jpg;Porte cartes Bally Emblem Compact.;;Luxe;129.9;129,90 CHF;1
5594;https://fastcash-geneve.ch/img/p/7/0/1/1/7011-small_default.jpg;Balenciaga Grey Triangle Small.;;Luxe;179.9;179,90 CHF;1
5593;https://fastcash-geneve.ch/img/p/7/0/1/0/7010-small_default.jpg;HP EliteBook 13’’ Intel I5 12TH 16GB 512GB SSD Win 11;;Informatique;3499.0;3 499,00 CHF;1
5592;https://fastcash-geneve.ch/img/p/7/0/0/5/7005-small_default.jpg;Nintendo Switch lite, vendu dans l’état.;;Consoles, Jeux Vidéo;79.9;79,90 CHF;0
5591;https://fastcash-geneve.ch/img/p/7/0/0/3/7003-small_default.jpg;Apple iPhone 17 256GB White, produit neuf scellé.;;Téléphonie;699.9;699,90 CHF;0
5590;https://fastcash-geneve.ch/img/p/7/0/0/1/7001-small_default.jpg;HP Pavilion X360 Intel I5 13tg 16GB 512GB;;Informatique;399.9;399,90 CHF;1
5589;https://fastcash-geneve.ch/img/p/6/9/9/6/6996-small_default.jpg;Acer Nitro V15 Gamer Intel I7 13Th 2.4 16GB Ram 1TB SSD RTX4050 6GB;;Informatique;599.9;599,90 CHF;0
5588;https://fastcash-geneve.ch/img/p/6/9/9/3/6993-small_default.jpg;Apple iPhone 17 Pro Max 512GB Bleu, batterie 100% garantie Apple 11.26;;Téléphonie;1199.9;1 199,90 CHF;0
5587;https://fastcash-geneve.ch/img/p/6/9/9/2/6992-small_default.jpg;Paco Rabanne One Million, 200ml, produit neuf.;;Accueil;79.9;79,90 CHF;1
5586;https://fastcash-geneve.ch/img/p/6/9/9/1/6991-small_default.jpg;Armani Code eau de toilette 50ml. Produit neuf.;;Luxe;59.9;59,90 CHF;1
5585;https://fastcash-geneve.ch/img/p/6/9/9/0/6990-small_default.jpg;Paco Rabanne Phantom, eau de toilette 100ml. Produit neuf.;;Luxe;69.9;69,90 CHF;1
5584;https://fastcash-geneve.ch/img/p/6/9/8/9/6989-small_default.jpg;Versace Eros, eau de parfum 50ml. Produit neuf.;;Luxe;69.9;69,90 CHF;1
5583;https://fastcash-geneve.ch/img/p/6/9/8/8/6988-small_default.jpg;Armani You, eau de toilette 50ml. Produit neuf.;;Luxe;59.9;59,90 CHF;1
5582;https://fastcash-geneve.ch/img/p/6/9/8/6/6986-small_default.jpg;Apple iPhone 13 512GB Batterie 100%.;;Téléphonie;499.9;499,90 CHF;1
5581;https://fastcash-geneve.ch/img/p/6/9/8/4/6984-small_default.jpg;Hermes Izmir P43 état neuf.;;Luxe;459.9;459,90 CHF;1
5580;https://fastcash-geneve.ch/img/p/6/9/8/0/6980-small_default.jpg;Apple iPhone 12 128GB Batterie 100%;;Téléphonie;249.9;249,90 CHF;0
5579;https://fastcash-geneve.ch/img/p/6/9/7/8/6978-small_default.jpg;Apple iPhone 12 Pro Max 256GB Batterie 100%;;Téléphonie;449.9;449,90 CHF;1
5578;https://fastcash-geneve.ch/img/p/6/9/7/5/6975-small_default.jpg;Samsung Galaxy Z Fold 6 256GB 5G Dual Sim.;;Téléphonie;649.9;649,90 CHF;1
5577;https://fastcash-geneve.ch/img/p/6/9/7/3/6973-small_default.jpg;Samsung Galaxy S24 Ultra 5G 256GB 12Gb Dual Sim.;;Téléphonie;629.9;629,90 CHF;1
5576;https://fastcash-geneve.ch/img/p/6/9/7/2/6972-small_default.jpg;Sony FE 28-70 3.5-5.6;;Image&Son;179.9;179,90 CHF;1
5575;https://fastcash-geneve.ch/img/p/6/9/7/0/6970-small_default.jpg;Sigma Art 24MM F1.4 Monture Nikon;;Image&Son;379.9;379,90 CHF;1
5574;https://fastcash-geneve.ch/img/p/6/9/6/7/6967-small_default.jpg;Nikon 85MM F1.8;;Image&Son;259.9;259,90 CHF;0
5572;https://fastcash-geneve.ch/img/p/6/9/6/3/6963-small_default.jpg;Sony 55-210 4.5-6.3 E-Mount;;Image&Son;139.9;139,90 CHF;0
5571;https://fastcash-geneve.ch/img/p/6/9/5/9/6959-small_default.jpg;Olympus OM-D E-M10 III 16.1MP avec 14-42.;;Image&Son;349.9;349,90 CHF;1
5570;https://fastcash-geneve.ch/img/p/6/9/5/3/6953-small_default.jpg;Caméscope Canon HFR36 HD 3.2MP Zoom X32.;;Image&Son;199.9;199,90 CHF;1
5569;https://fastcash-geneve.ch/img/p/6/9/5/0/6950-small_default.jpg;Nikon D5100 16MP. Boîtier nu avec chargeur.;;Image&Son;179.9;179,90 CHF;1
5568;https://fastcash-geneve.ch/img/p/6/9/4/4/6944-small_default.jpg;Canon 4000D avec 18-55. État neuf. 3500 déclenchements.;;Image&Son;299.9;299,90 CHF;1
5567;https://fastcash-geneve.ch/img/p/6/9/3/9/6939-small_default.jpg;Sony VG30E HD 16 Méga Pixel, avec 2 batteries et chargeur.;;Image&Son;599.9;599,90 CHF;1
5566;https://fastcash-geneve.ch/img/p/6/9/3/5/6935-small_default.jpg;Louis Vuitton Match Up P42.;;Luxe;529.9;529,90 CHF;1
5564;https://fastcash-geneve.ch/img/p/6/9/3/0/6930-small_default.jpg;Zip-Up Hoodie Under Armor X Balenciaga taille S.;;Luxe;599.9;599,90 CHF;1
5563;https://fastcash-geneve.ch/img/p/6/9/2/4/6924-small_default.jpg;Sac à dos Louis Vuitton Springs PM toile monogram, avec facture.;;Luxe;1299.0;1 299,00 CHF;1
5562;https://fastcash-geneve.ch/img/p/6/9/1/3/6913-small_default.jpg;Louis Vuitton Sabana avec bandoulière.;;Luxe;799.9;799,90 CHF;1
5561;https://fastcash-geneve.ch/img/p/6/9/1/2/6912-small_default.jpg;Escarpins Christian Louboutin Iriza. P40. Produit neuf.;;Luxe;299.0;299,00 CHF;1
5559;https://fastcash-geneve.ch/img/p/6/9/0/2/6902-small_default.jpg;Beats Studio Pro édition Kim Kardashian.;;Image&Son;149.9;149,90 CHF;1
5558;https://fastcash-geneve.ch/img/p/6/8/9/9/6899-small_default.jpg;Ceinture Audemars Piguet taille 110. Produit rare.;;Luxe;399.9;399,90 CHF;1
5557;https://fastcash-geneve.ch/img/p/6/8/9/6/6896-small_default.jpg;Insta 360 One RS 4K;;Image&Son;169.9;169,90 CHF;1
5556;https://fastcash-geneve.ch/img/p/6/8/9/4/6894-small_default.jpg;Bose QC 35 II;;Image&Son;139.9;139,90 CHF;1
5555;https://fastcash-geneve.ch/img/p/6/8/9/1/6891-small_default.jpg;Lunettes de soleil Oliver Peoples.;;Luxe;249.9;249,90 CHF;1
5554;https://fastcash-geneve.ch/img/p/6/8/8/8/6888-small_default.jpg;Lunettes de soleil Jacques Marie Mage AscarII avec étuis et facture.;;Luxe;499.9;499,90 CHF;2
5553;https://fastcash-geneve.ch/img/p/6/8/8/4/6884-small_default.jpg;Apple MacBook Air M1 512GB 8GB Batterie 4 cycles.;;Informatique;499.9;499,90 CHF;0
5552;https://fastcash-geneve.ch/img/p/6/8/8/3/6883-small_default.jpg;Apple iPad 8TH 32GB;;Informatique;159.9;159,90 CHF;0
5551;https://fastcash-geneve.ch/img/p/6/8/7/9/6879-small_default.jpg;Casquette Gucci édition limitée, taille L avec facture.;;Luxe;599.9;599,90 CHF;0
5549;https://fastcash-geneve.ch/img/p/6/8/7/4/6874-small_default.jpg;Caméra Panasonic NV-GS11 Mini DV;;Image&Son;139.9;139,90 CHF;1
5548;https://fastcash-geneve.ch/img/p/6/8/7/3/6873-small_default.jpg;Playstation 5 Pro 2TB. Produit neuf scellé garantie 2 ans.;;Consoles, Jeux Vidéo;599.9;599,90 CHF;0
5547;https://fastcash-geneve.ch/img/p/6/8/6/8/6868-small_default.jpg;Louis Vuitton On The Go MM Cuir Empreinte Noir. Etat neuf, avec facture.;;Luxe;2399.9;2 399,90 CHF;0
5546;https://fastcash-geneve.ch/img/p/6/8/6/1/6861-small_default.jpg;Portefeuille Louis Vuitton Zippy, état neuf avec facture.;;Luxe;499.9;499,90 CHF;1
5545;https://fastcash-geneve.ch/img/p/6/8/5/7/6857-small_default.jpg;Valise Floyd 45X25X70. État neuf avec facture et accessoires.;;Luxe;479.9;479,90 CHF;0
5544;https://fastcash-geneve.ch/img/p/6/8/5/6/6856-small_default.jpg;Dyson Airwrap ID. Produit neuf.;;Luxe;339.9;339,90 CHF;0
5543;https://fastcash-geneve.ch/img/p/6/8/5/1/6851-small_default.jpg;Gucci Baskets Ace P41. Etat neuf.;;Luxe;399.9;399,90 CHF;1
5541;https://fastcash-geneve.ch/img/p/6/8/4/9/6849-small_default.jpg;HP EliteBook G5 Intel i7 8TH 1.99GHZ 16GB 500GB SSD;;Accueil;349.9;349,90 CHF;1
5540;https://fastcash-geneve.ch/img/p/6/8/4/6/6846-small_default.jpg;Casque Apple AirPods Max Lightning.;;Image&Son;239.9;239,90 CHF;0
5539;https://fastcash-geneve.ch/img/p/6/8/4/2/6842-small_default.jpg;Ceinture Gucci taille 90. Avec facture.;;Luxe;329.9;329,90 CHF;1
5538;https://fastcash-geneve.ch/img/p/6/8/3/9/6839-small_default.jpg;Nikon 50MM F1.8 D;;Image&Son;99.9;99,90 CHF;1
5537;https://fastcash-geneve.ch/img/p/6/8/3/7/6837-small_default.jpg;Nikon D500 full Frame. 70 555 déclenchements.;;Image&Son;499.9;499,90 CHF;0
5536;https://fastcash-geneve.ch/img/p/6/8/3/5/6835-small_default.jpg;Apple Magic Keyboard pour iPad 11’’. État neuf.;;Informatique;199.0;199,00 CHF;1
5535;https://fastcash-geneve.ch/img/p/6/8/3/2/6832-small_default.jpg;Samsung Galaxy Watch Ultra 47MM GPS LTE;;Téléphonie;229.9;229,90 CHF;1
5533;https://fastcash-geneve.ch/img/p/6/8/3/0/6830-small_default.jpg;Garmin Venu SQ Music Edition. Produit neuf.;;Téléphonie;119.9;119,90 CHF;0
5532;https://fastcash-geneve.ch/img/p/6/8/2/9/6829-small_default.jpg;Garmin Venu 3. Produit neuf.;;Téléphonie;239.9;239,90 CHF;0
5529;https://fastcash-geneve.ch/img/p/6/8/2/7/6827-small_default.jpg;Compteur pour vélo Bryton Rider 460. Produit neuf.;;Informatique;699.0;699,00 CHF;1
5528;https://fastcash-geneve.ch/img/p/6/8/2/6/6826-small_default.jpg;Razer Deathadder V2 X Hyperspeed. Produit neuf.;;Informatique;39.9;39,90 CHF;1
5527;https://fastcash-geneve.ch/img/p/6/8/2/5/6825-small_default.jpg;Philips UE GET Started 1100. Produit neuf.;;Accueil;64.9;64,90 CHF;0
5526;https://fastcash-geneve.ch/img/p/6/8/2/4/6824-small_default.jpg;Sennheiser RS 5200. Produit neuf.;;Image&Son;139.9;139,90 CHF;1
5525;https://fastcash-geneve.ch/img/p/6/8/2/3/6823-small_default.jpg;Philips HUE HDMI Sync Box 8k. Etat neuf.;;Image&Son;149.9;149,90 CHF;0
5524;https://fastcash-geneve.ch/img/p/6/8/2/2/6822-small_default.jpg;Pixel Player, console portable. Produit neuf.;;Consoles, Jeux Vidéo;35.9;35,90 CHF;1
5523;https://fastcash-geneve.ch/img/p/6/8/2/1/6821-small_default.jpg;Souris Razer Deathadder V3 Hyperspeed, produit neuf.;;Informatique;79.9;79,90 CHF;1
5522;https://fastcash-geneve.ch/img/p/6/8/2/0/6820-small_default.jpg;Razer Kiyo. Etat neuf.;;Informatique;29.9;29,90 CHF;1
5521;https://fastcash-geneve.ch/img/p/6/8/1/9/6819-small_default.jpg;Super Nintendo Mini avec 20 jeux. Produit neuf.;;Consoles, Jeux Vidéo;179.9;179,90 CHF;1
5520;https://fastcash-geneve.ch/img/p/fr-default-small_default.jpg;N/D;;Accueil;0.0;0,00 CHF;0
5519;https://fastcash-geneve.ch/img/p/6/8/1/8/6818-small_default.jpg;Pinell Of Norway Radio FM DAB+ Bluetooth, produit neuf.;;Image&Son;59.9;59,90 CHF;1
5518;https://fastcash-geneve.ch/img/p/6/8/1/7/6817-small_default.jpg;Souris Logitech Pro X Superlight. Produit neuf.;;Informatique;99.9;99,90 CHF;1
5517;https://fastcash-geneve.ch/img/p/6/8/1/6/6816-small_default.jpg;Fujifilm Instax Mini Liplay. Etat neuf.;;Image&Son;99.9;99,90 CHF;1
5516;https://fastcash-geneve.ch/img/p/6/8/1/3/6813-small_default.jpg;Apple iPhone 17 Pro Max 256GB Orange, batterie 30%. Garantie 2 ans.;;Téléphonie;1099.9;1 099,90 CHF;0
5514;https://fastcash-geneve.ch/img/p/6/8/1/0/6810-small_default.jpg;Support de bureau pour smartphone. Produit neuf.;;Téléphonie;19.9;19,90 CHF;3
5513;https://fastcash-geneve.ch/img/p/6/8/0/9/6809-small_default.jpg;Manette Xbox One USB C;;Consoles, Jeux Vidéo;40.0;40,00 CHF;1
5512;https://fastcash-geneve.ch/img/p/6/8/0/8/6808-small_default.jpg;Enceinte Bluetooth Sonos Roam 2. Produit neuf.;;Image&Son;129.9;129,90 CHF;0
5511;https://fastcash-geneve.ch/img/p/6/8/0/5/6805-small_default.jpg;Console Playstation 5 Fat 825GB avec lecteur.;;Consoles, Jeux Vidéo;329.9;329,90 CHF;1
5510;https://fastcash-geneve.ch/img/p/6/8/0/2/6802-small_default.jpg;Samsung Galaxy Z FliP 5 256GB Dual Sim 5G.;;Téléphonie;329.9;329,90 CHF;0
5509;https://fastcash-geneve.ch/img/p/6/8/0/1/6801-small_default.jpg;Apple AirPods Pro Max USB-C. Produit neuf.;;Image&Son;349.9;349,90 CHF;0
5508;https://fastcash-geneve.ch/img/p/6/8/0/0/6800-small_default.jpg;Casque audio sans fil Sony XM6. Produit neuf, garantie 2 ans.;;Image&Son;299.9;299,90 CHF;1
5507;https://fastcash-geneve.ch/img/p/6/7/9/6/6796-small_default.jpg;Sneakers Jimmy Choo P39.;;Luxe;249.9;249,90 CHF;1
5505;https://fastcash-geneve.ch/img/p/6/7/9/4/6794-small_default.jpg;Apple iPhone 12 Pro 128GB Batterie 85%;;Téléphonie;349.9;349,90 CHF;1
5504;https://fastcash-geneve.ch/img/p/6/7/9/3/6793-small_default.jpg;Apple iPhone 14 Pro 256GB batterie 87%.;;Téléphonie;599.9;599,90 CHF;1
5503;https://fastcash-geneve.ch/img/p/6/7/9/0/6790-small_default.jpg;Apple iPhone 13 128GB Batterie 86%;;Téléphonie;329.9;329,90 CHF;1
5502;https://fastcash-geneve.ch/img/p/6/7/8/8/6788-small_default.jpg;Apple iPhone 14 Plus 256GB Batterie 87%.;;Téléphonie;549.9;549,90 CHF;1
5501;https://fastcash-geneve.ch/img/p/6/7/8/7/6787-small_default.jpg;Manette Sony PlayStation 5. Produit neuf.;;Consoles, Jeux Vidéo;55.0;55,00 CHF;0
5500;https://fastcash-geneve.ch/img/p/6/7/8/2/6782-small_default.jpg;Dior B23 Noir P43, en parfait état, avec boîte et facture.;;Luxe;699.9;699,90 CHF;1
5499;https://fastcash-geneve.ch/img/p/6/7/7/9/6779-small_default.jpg;Câble HDMI 4K 2M. Produit neuf.;;Accueil;12.9;12,90 CHF;5
5498;https://fastcash-geneve.ch/img/p/6/7/7/8/6778-small_default.jpg;Chargeur pour Nintendo DS et 3DS. Produit neuf.;;Consoles, Jeux Vidéo;159.0;159,00 CHF;5
5497;https://fastcash-geneve.ch/img/p/6/7/7/7/6777-small_default.jpg;Manette pour Sony PlayStation 5, produit neuf.;;Consoles, Jeux Vidéo;50.0;50,00 CHF;4
5496;https://fastcash-geneve.ch/img/p/6/7/7/6/6776-small_default.jpg;Manette pour PlayStation 4, produit neuf.;;Consoles, Jeux Vidéo;34.9;34,90 CHF;5
5495;https://fastcash-geneve.ch/img/p/6/7/7/5/6775-small_default.jpg;Chargeur universel pour ordinateur. Produit neuf.;;Informatique;39.9;39,90 CHF;1
5494;https://fastcash-geneve.ch/img/p/6/7/7/1/6771-small_default.jpg;Apple Watch Serie 7 45MM GPS LTE Céramique.;;Téléphonie;299.9;299,90 CHF;1
5493;https://fastcash-geneve.ch/img/p/6/7/7/0/6770-small_default.jpg;Apple iPhone 17 Pro Max 256GB Silver, produit neuf scellé garantie 2 ans.;;Téléphonie;1139.9;1 139,90 CHF;0
5491;https://fastcash-geneve.ch/img/p/6/7/6/7/6767-small_default.jpg;Apple iPhone 12 Pro Max 256GB Batterie 100%.;;Téléphonie;449.9;449,90 CHF;1
5490;https://fastcash-geneve.ch/img/p/6/7/6/5/6765-small_default.jpg;Apple iPhone 14 Pro Max 128GB Batterie 100%.;;Téléphonie;579.9;579,90 CHF;1
5488;https://fastcash-geneve.ch/img/p/6/7/5/9/6759-small_default.jpg;Cabas Balenciaga en cuir noir.;;Luxe;699.9;699,90 CHF;0
5487;https://fastcash-geneve.ch/img/p/6/7/5/3/6753-small_default.jpg;Bonnet Louis Vuitton Damier Snug taille XXL. État neuf.;;Luxe;299.9;299,90 CHF;1
5486;https://fastcash-geneve.ch/img/p/6/7/5/0/6750-small_default.jpg;Apple iPad Pro 13 M4 256GB État neuf, batterie 1 cycles.;;Informatique;799.9;799,90 CHF;0
5485;https://fastcash-geneve.ch/img/p/6/7/4/7/6747-small_default.jpg;Apple iPhone AirPods Max USB-C. État neuf.;;Image&Son;329.9;329,90 CHF;0
5484;https://fastcash-geneve.ch/img/p/6/7/4/5/6745-small_default.jpg;Apple iPhone 15 Pro Max 256GB Noir, batterie 100%.;;Téléphonie;699.9;699,90 CHF;1
5483;https://fastcash-geneve.ch/img/p/6/7/4/4/6744-small_default.jpg;Apple iPhone 16 Pro Max 256GB Batterie 87%;;Téléphonie;839.9;839,90 CHF;1
5482;https://fastcash-geneve.ch/img/p/6/7/4/0/6740-small_default.jpg;Thermomix TM6 neuf, avec tous les accessoires. Problème code erreur C1208.;;Consoles, Jeux Vidéo;750.0;750,00 CHF;1
5481;https://fastcash-geneve.ch/img/p/6/7/3/6/6736-small_default.jpg;Console Nintendo Switch Oled. Console complète.;;Consoles, Jeux Vidéo;249.9;249,90 CHF;1
5480;https://fastcash-geneve.ch/img/p/6/7/3/3/6733-small_default.jpg;Veste légère Moncler taille L.;;Luxe;479.9;479,90 CHF;0
5479;https://fastcash-geneve.ch/img/p/6/7/3/2/6732-small_default.jpg;Hoodie Zippé Burberry taille XL.;;Luxe;279.9;279,90 CHF;1
5478;https://fastcash-geneve.ch/img/p/6/7/2/8/6728-small_default.jpg;Casquette Gucci baseball en cuir, taille M.;;Luxe;379.9;379,90 CHF;1
5477;https://fastcash-geneve.ch/img/p/6/7/2/4/6724-small_default.jpg;Nikon D5600 avec 18691 déclenchements. Boîtier nu.;;Image&Son;499.9;499,90 CHF;1
5476;https://fastcash-geneve.ch/img/p/6/7/2/1/6721-small_default.jpg;Sigma Art 50MM F1.4 Monture Nikon.;;Image&Son;399.9;399,90 CHF;1
5475;https://fastcash-geneve.ch/img/p/6/7/1/7/6717-small_default.jpg;Canon G7X Mark III. Vidéo 4K, 20.1 MP.;;Image&Son;599.9;599,90 CHF;0
5474;https://fastcash-geneve.ch/img/p/6/7/1/3/6713-small_default.jpg;Bague en or 18k Cartier taille 56, avec boîte et facture.;;Luxe;749.9;749,90 CHF;1
5473;https://fastcash-geneve.ch/img/p/6/7/1/0/6710-small_default.jpg;Bague en or 18k Cartier Love taille 59;;Luxe;899.9;899,90 CHF;1
5472;https://fastcash-geneve.ch/img/p/6/7/0/8/6708-small_default.jpg;Apple iPhone 15 128GB Noir, batterie 100%.;;Téléphonie;499.9;499,90 CHF;0
5471;https://fastcash-geneve.ch/img/p/6/7/0/4/6704-small_default.jpg;Sac banane Gucci en cuir. État neuf.;;Luxe;599.9;599,90 CHF;1
5470;https://fastcash-geneve.ch/img/p/6/7/0/1/6701-small_default.jpg;Apple MacBook Air 13 2017 I5 8GB 256GB;;Informatique;239.9;239,90 CHF;0
5469;https://fastcash-geneve.ch/img/p/6/6/9/8/6698-small_default.jpg;Lenovo Vivobook 14 FliP. AMD Ryzen 7, 16GB ram, 1TB SSD, Win 11.;;Informatique;439.9;439,90 CHF;1
5468;https://fastcash-geneve.ch/img/p/6/6/9/6/6696-small_default.jpg;Console Nintendo Switch 2. Produit neuf garantie 2 ans.;;Consoles, Jeux Vidéo;349.9;349,90 CHF;0
5467;https://fastcash-geneve.ch/img/p/6/6/9/1/6691-small_default.jpg;Stylo bille Montblanc Princesse Grace de Monaco. Etat neuf.;;Luxe;799.9;799,90 CHF;1
5466;https://fastcash-geneve.ch/img/p/6/6/8/8/6688-small_default.jpg;Bracelet Hermes Clic 19cm.;;Luxe;329.9;329,90 CHF;0
5465;https://fastcash-geneve.ch/img/p/6/6/8/6/6686-small_default.jpg;Bracelet Hermes 21cm.;;Luxe;259.9;259,90 CHF;1
5464;https://fastcash-geneve.ch/img/p/6/6/8/4/6684-small_default.jpg;Bracelet Hermes taille S.;;Accueil;379.9;379,90 CHF;1
5463;https://fastcash-geneve.ch/img/p/6/6/7/9/6679-small_default.jpg;Pochette Louis Vuitton toile damier Azur. État neuf.;;Luxe;399.9;399,90 CHF;1
5462;https://fastcash-geneve.ch/img/p/6/6/7/7/6677-small_default.jpg;Eau de parfum Clive Christian Queen Anne;;Luxe;369.9;369,90 CHF;0
5461;https://fastcash-geneve.ch/img/p/6/6/7/3/6673-small_default.jpg;Apple MacBook Air M4 2025 16GB 256GB Batterie 6 cycles, garantie Apple 14 mois.;;Informatique;729.9;729,90 CHF;0
5459;https://fastcash-geneve.ch/img/p/6/6/7/0/6670-small_default.jpg;Veste Zippe Balmain taille L.;;Luxe;349.9;349,90 CHF;1
5458;https://fastcash-geneve.ch/img/p/6/6/6/7/6667-small_default.jpg;Doudoune femme Canada Goose Taille S;;Luxe;599.9;599,90 CHF;1
5457;https://fastcash-geneve.ch/img/p/6/6/6/6/6666-small_default.jpg;Sneakers Alexander McQueen P45 avec boîte et facture.;;Accueil;329.9;329,90 CHF;1
5456;https://fastcash-geneve.ch/img/p/6/6/6/0/6660-small_default.jpg;Loro Piana Summer Walk P40 avec facture.;;Luxe;399.9;399,90 CHF;1
5454;https://fastcash-geneve.ch/img/p/6/6/5/5/6655-small_default.jpg;Veste de mi-saison Gucci taille M.;;Luxe;599.9;599,90 CHF;0
5453;https://fastcash-geneve.ch/img/p/6/6/5/3/6653-small_default.jpg;Pull Burberry taille S état neuf.;;Luxe;379.9;379,90 CHF;1
5452;https://fastcash-geneve.ch/img/p/6/6/4/9/6649-small_default.jpg;Casque sans fil Sonos Ace noir en parfait état.;;Image&Son;279.9;279,90 CHF;1
5450;https://fastcash-geneve.ch/img/p/6/6/4/7/6647-small_default.jpg;Apple iPhone 16 Pro Max 256GB Batterie 99%.;;Téléphonie;839.9;839,90 CHF;1
5449;https://fastcash-geneve.ch/img/p/6/6/4/6/6646-small_default.jpg;Apple iPhone 17 Air 256GB Noir, neuf, scellé, facture et garantie 2 ans.;;Téléphonie;779.9;779,90 CHF;0
5448;https://fastcash-geneve.ch/img/p/6/6/4/3/6643-small_default.jpg;Apple Watch Ultra 3 47MM GPS LTE. Produit neuf scellé facture et garantie 2 ans.;;Téléphonie;679.9;679,90 CHF;0
5447;https://fastcash-geneve.ch/img/p/6/6/4/1/6641-small_default.jpg;Casquette Gucci taille M, édition 2025.;;Luxe;379.0;379,00 CHF;0
5446;https://fastcash-geneve.ch/img/p/6/6/3/8/6638-small_default.jpg;Console Nintendo Switch Oled Édition limitée Splatoon.;;Consoles, Jeux Vidéo;369.9;369,90 CHF;1
5445;https://fastcash-geneve.ch/img/p/6/6/3/1/6631-small_default.jpg;Sac Messenger Prada en toile avec bandoulière.;;Luxe;699.9;699,90 CHF;1
5444;https://fastcash-geneve.ch/img/p/6/6/2/7/6627-small_default.jpg;Apple iPad Pro 13 M4 256GB Wifi Cellular. Batterie 93%.;;Informatique;839.9;839,90 CHF;0
5443;https://fastcash-geneve.ch/img/p/6/6/1/6/6616-small_default.jpg;Nikon Z50 avec 16-50DX et 50-250DX. Etat neuf. 2663 déclenchements.;;Image&Son;799.9;799,90 CHF;0
5442;https://fastcash-geneve.ch/img/p/6/6/1/5/6615-small_default.jpg;Apple iPhone 17 Pro 256GB Orange, neuf, scellé, garantie 2 ans.;;Téléphonie;1029.9;1 029,90 CHF;0
5441;https://fastcash-geneve.ch/img/p/6/6/1/4/6614-small_default.jpg;Apple MacBook Pro 14 M4 Pro 512GB 24GB Ram, Neuf, scellé, garantie 2 ans.;;Informatique;1399.9;1 399,90 CHF;0
5439;https://fastcash-geneve.ch/img/p/6/6/0/3/6603-small_default.jpg;Lunettes de soleil Cartier branche en corne de buffle. Full set.;;Luxe;1799.9;1 799,90 CHF;1
5438;https://fastcash-geneve.ch/img/p/6/5/9/8/6598-small_default.jpg;Mini sac à main Longchamp 28x17x8;;Luxe;59.9;59,90 CHF;0
5437;https://fastcash-geneve.ch/img/p/6/5/9/3/6593-small_default.jpg;Pochette épaule Louis Vuitton toile monogram. 22x13x4;;Luxe;349.9;349,90 CHF;-1
5436;https://fastcash-geneve.ch/img/p/6/5/8/8/6588-small_default.jpg;Sac à main Yves Saint Laurent, vintage.;;Luxe;349.9;349,90 CHF;1
5435;https://fastcash-geneve.ch/img/p/6/5/8/7/6587-small_default.jpg;Apple iPhone 15 128GB Batterie 85%.;;Téléphonie;499.9;499,90 CHF;1
5434;https://fastcash-geneve.ch/img/p/6/5/8/4/6584-small_default.jpg;Google Pixel 10 Pro 128GB Dual Sim. Etat neuf, avec facture et garantie 2 ans.;;Téléphonie;649.9;649,90 CHF;1
5433;https://fastcash-geneve.ch/img/p/fr-default-small_default.jpg;N/D;;Accueil;0.0;0,00 CHF;0
5432;https://fastcash-geneve.ch/img/p/6/5/7/9/6579-small_default.jpg;Baskets Chanel P38, modèle 2025. Vendus avec boîte et dustbag.;;Luxe;799.9;799,90 CHF;1
5431;https://fastcash-geneve.ch/img/p/6/5/7/3/6573-small_default.jpg;Mocassins Chanel P38 1/2, vendus avec boîte et dustbag.;;Luxe;699.9;699,90 CHF;1
5430;https://fastcash-geneve.ch/img/p/6/5/7/0/6570-small_default.jpg;Polaire Moncler taille M.;;Luxe;269.9;269,90 CHF;0
5429;https://fastcash-geneve.ch/img/p/6/5/6/7/6567-small_default.jpg;Bomber Dior taille M, état neuf, avec facture.;;Luxe;999.9;999,90 CHF;1
5428;https://fastcash-geneve.ch/img/p/6/5/6/5/6565-small_default.jpg;Doudoune Moncler taille 5 (XL);;Luxe;699.9;699,90 CHF;0
5427;https://fastcash-geneve.ch/img/p/6/5/6/3/6563-small_default.jpg;Écouteurs sans fil Samsung Galaxy Buds 3 FE. Produit neuf.;;Image&Son;69.9;69,90 CHF;1
5426;https://fastcash-geneve.ch/img/p/6/5/6/2/6562-small_default.jpg;Écouteurs sans fil Sony WF-C510, produit neuf.;;Image&Son;49.9;49,90 CHF;1
5425;https://fastcash-geneve.ch/img/p/6/5/6/0/6560-small_default.jpg;Apple Watch Serie 11 46MM GPS;;Téléphonie;299.9;299,90 CHF;1
5424;https://fastcash-geneve.ch/img/p/6/5/5/9/6559-small_default.jpg;Apple IPhone 13 Pro Max 128GB Gold Batterie 100%;;Téléphonie;499.9;499,90 CHF;1
5423;https://fastcash-geneve.ch/img/p/6/5/5/6/6556-small_default.jpg;Apple iPhone 15 Pro Max 512GB Batterie 100%;;Téléphonie;799.9;799,90 CHF;1
5422;https://fastcash-geneve.ch/img/p/6/5/5/4/6554-small_default.jpg;Casquette Gucci abeille taille M.;;Luxe;269.9;269,90 CHF;1
5421;https://fastcash-geneve.ch/img/p/6/5/5/3/6553-small_default.jpg;Manette Playstation 5;;Consoles, Jeux Vidéo;49.9;49,90 CHF;0
5419;https://fastcash-geneve.ch/img/p/6/5/4/8/6548-small_default.jpg;Louis Vuitton Speedy 30 toile damier ébène. Vendu avec cadenas et dustbag.;;Luxe;699.9;699,90 CHF;0
5417;https://fastcash-geneve.ch/img/p/6/5/4/0/6540-small_default.jpg;Samsung Galaxy Z Fold 7 512GB 12GB Ram, Etat neuf.;;Téléphonie;999.9;999,90 CHF;0
5416;https://fastcash-geneve.ch/img/p/6/5/3/9/6539-small_default.jpg;Apple Watch Serie 11 42MM Rose. GPS LTE. Produit neuf.;;Téléphonie;389.9;389,90 CHF;0
5415;https://fastcash-geneve.ch/img/p/6/5/3/7/6537-small_default.jpg;Apple iPhone 13 Pro 128GB Batterie 100%;;Téléphonie;449.9;449,90 CHF;1
5414;https://fastcash-geneve.ch/img/p/fr-default-small_default.jpg;N/D;;Accueil;0.0;0,00 CHF;0
5413;https://fastcash-geneve.ch/img/p/6/5/3/6/6536-small_default.jpg;Apple iPhone 13 Pro 128GB Batterie 100%;;Téléphonie;449.9;449,90 CHF;1
5412;https://fastcash-geneve.ch/img/p/6/5/3/5/6535-small_default.jpg;Samsung Galaxy A54 5G 128GB Dual Sim. Etat neuf.;;Téléphonie;199.9;199,90 CHF;0
5411;https://fastcash-geneve.ch/img/p/6/5/3/4/6534-small_default.jpg;Apple iPhone 12 Mini 128GB Batterie 100%;;Téléphonie;299.9;299,90 CHF;1
5410;https://fastcash-geneve.ch/img/p/6/5/3/3/6533-small_default.jpg;Apple iPhone 11 128GB Batterie 100%;;Téléphonie;199.9;199,90 CHF;1
5408;https://fastcash-geneve.ch/img/p/6/5/2/9/6529-small_default.jpg;Canon 2000D avec 18-55. Etat neuf.;;Image&Son;329.9;329,90 CHF;1
5407;https://fastcash-geneve.ch/img/p/6/5/2/7/6527-small_default.jpg;Playstation 5 Pro 2TB Etat neuf.;;Consoles, Jeux Vidéo;649.9;649,90 CHF;0
5406;https://fastcash-geneve.ch/img/p/6/5/2/5/6525-small_default.jpg;Tablette d’écriture Remarkable. Produit neuf.;;Informatique;479.9;479,90 CHF;0
5405;https://fastcash-geneve.ch/img/p/6/5/2/2/6522-small_default.jpg;Honor V3 Magic Fold 512GB 5G Dual Sim.;;Téléphonie;799.9;799,90 CHF;1
5403;https://fastcash-geneve.ch/img/p/6/5/1/9/6519-small_default.jpg;Mario & Luigi l’épopée fraternelle, Switch.;;Consoles, Jeux Vidéo;34.9;34,90 CHF;1
5402;https://fastcash-geneve.ch/img/p/6/5/1/8/6518-small_default.jpg;Mario Paper Nintendo Switch;;Consoles, Jeux Vidéo;34.9;34,90 CHF;1
5401;https://fastcash-geneve.ch/img/p/6/5/1/7/6517-small_default.jpg;Manette Nintendo Switch filaire.;;Consoles, Jeux Vidéo;29.9;29,90 CHF;1
5400;https://fastcash-geneve.ch/img/p/6/5/1/4/6514-small_default.jpg;Apple MacBook Air M3 256GB 8GB Batterie 27 cycles. 2024.;;Informatique;649.9;649,90 CHF;0
5399;https://fastcash-geneve.ch/img/p/6/5/0/8/6508-small_default.jpg;Canon G7X Mark III Wifi.;;Image&Son;499.9;499,90 CHF;0
5398;https://fastcash-geneve.ch/img/p/6/5/0/7/6507-small_default.jpg;Apple AirPods Pro 3. État neuf. Garantie Apple 2 ans.;;Téléphonie;199.9;199,90 CHF;1
5397;https://fastcash-geneve.ch/img/p/6/5/0/6/6506-small_default.jpg;Manette PlayStation 5.;;Consoles, Jeux Vidéo;49.9;49,90 CHF;0
5396;https://fastcash-geneve.ch/img/p/6/5/0/4/6504-small_default.jpg;Samsung Galaxy Tab S9 Ultra 512GB Wifi.;;Informatique;599.9;599,90 CHF;1
5394;https://fastcash-geneve.ch/img/p/6/4/9/8/6498-small_default.jpg;Porte documents Louis Vuitton Angara cuir taïga.;;Luxe;499.9;499,90 CHF;0
5393;https://fastcash-geneve.ch/img/p/6/4/9/2/6492-small_default.jpg;Bob Hermes en cachemire.;;Luxe;499.9;499,90 CHF;1
5391;https://fastcash-geneve.ch/img/p/6/4/9/0/6490-small_default.jpg;Pokemon Épée Switch;;Consoles, Jeux Vidéo;39.9;39,90 CHF;1
5390;https://fastcash-geneve.ch/img/p/6/4/8/9/6489-small_default.jpg;Super Smash Bros Ultimate Switch;;Consoles, Jeux Vidéo;39.9;39,90 CHF;1
5389;https://fastcash-geneve.ch/img/p/6/4/8/8/6488-small_default.jpg;Super Mario Bros Wonder Switch;;Consoles, Jeux Vidéo;39.9;39,90 CHF;0
5388;https://fastcash-geneve.ch/img/p/6/4/8/7/6487-small_default.jpg;Mario vs Donkey Kong Switch;;Consoles, Jeux Vidéo;39.9;39,90 CHF;1
5387;https://fastcash-geneve.ch/img/p/6/4/8/6/6486-small_default.jpg;Mario Tennis Aces Switch;;Consoles, Jeux Vidéo;39.9;39,90 CHF;1
5386;https://fastcash-geneve.ch/img/p/6/4/8/5/6485-small_default.jpg;Mario Golf Switch.;;Consoles, Jeux Vidéo;39.9;39,90 CHF;1
5385;https://fastcash-geneve.ch/img/p/6/4/8/4/6484-small_default.jpg;Mario Strikers Battle League Football. Switch.;;Consoles, Jeux Vidéo;39.9;39,90 CHF;0
5384;https://fastcash-geneve.ch/img/p/6/4/8/3/6483-small_default.jpg;Super Mario RPG Switch;;Consoles, Jeux Vidéo;39.9;39,90 CHF;1
5383;https://fastcash-geneve.ch/img/p/6/4/8/1/6481-small_default.jpg;Samsung G9 Oled ls49cg954suxen. Etat neuf.;;Informatique;599.9;599,90 CHF;0
5382;https://fastcash-geneve.ch/img/p/6/4/7/9/6479-small_default.jpg;Samsung Galaxy Z Fold 7 512GB. Produit neuf scellé, garantie 2 ans.;;Téléphonie;1299.9;1 299,90 CHF;0
5381;https://fastcash-geneve.ch/img/p/6/4/7/5/6475-small_default.jpg;Sacoche Gucci GG Suprême Black, avec facture.;;Luxe;599.9;599,90 CHF;1
5379;https://fastcash-geneve.ch/img/p/6/4/7/3/6473-small_default.jpg;Stella Mc Cartney E19 P39;;Luxe;299.9;299,90 CHF;1
5378;https://fastcash-geneve.ch/img/p/6/4/6/7/6467-small_default.jpg;Adidas X Gucci Gazelle P39. Produit neuf.;;Luxe;299.9;299,90 CHF;0
5377;https://fastcash-geneve.ch/img/p/6/4/6/4/6464-small_default.jpg;Bottes Louis Vuitton Platform Desert Boot. État neuf. P39.;;Luxe;799.9;799,90 CHF;0
5376;https://fastcash-geneve.ch/img/p/6/4/5/9/6459-small_default.jpg;Samsung Galaxy S25 Edge 128GB 8GB Dual Sim, état neuf.;;Téléphonie;399.9;399,90 CHF;0
5374;https://fastcash-geneve.ch/img/p/6/4/5/7/6457-small_default.jpg;Sneakers Hogan H86 Run, P38 1/2, état neuf.;;Luxe;299.9;299,90 CHF;1
5373;https://fastcash-geneve.ch/img/p/fr-default-small_default.jpg;N/D;;Accueil;0.0;0,00 CHF;0
5372;https://fastcash-geneve.ch/img/p/6/4/4/8/6448-small_default.jpg;Portefeuille Prada Continental Zippe. Etat neuf.;;Luxe;399.9;399,90 CHF;1
5371;https://fastcash-geneve.ch/img/p/6/4/4/5/6445-small_default.jpg;Porte cartes Louis Vuitton Vintage.;;Luxe;149.9;149,90 CHF;1
5370;https://fastcash-geneve.ch/img/p/6/4/4/3/6443-small_default.jpg;Collier Gucci pour animal de compagnie. Produit neuf.;;Luxe;249.9;249,90 CHF;1
5369;https://fastcash-geneve.ch/img/p/6/4/3/9/6439-small_default.jpg;Laisse Gucci Pour animal de compagnie. Produit neuf.;;Luxe;249.9;249,90 CHF;1
5368;https://fastcash-geneve.ch/img/p/6/4/3/7/6437-small_default.jpg;Apple iPhone 17 Pro Max 256GB Orange, produit neuf, garantie 2 ans.;;Téléphonie;1139.9;1 139,90 CHF;0
5367;https://fastcash-geneve.ch/img/p/6/4/3/6/6436-small_default.jpg;Apple iPhone 17 Air 256GB Noir, état neuf, garantie Apple 2 ans.;;Téléphonie;799.9;799,90 CHF;0
5365;https://fastcash-geneve.ch/img/p/6/4/3/2/6432-small_default.jpg;Apple iPhone 15 Pro Max 256GB Batterie 89%;;Téléphonie;699.9;699,90 CHF;1
5364;https://fastcash-geneve.ch/img/p/6/4/2/8/6428-small_default.jpg;Go Pro Hero 9 Black Edition.;;Image&Son;139.9;139,90 CHF;1
5363;https://fastcash-geneve.ch/img/p/6/4/2/4/6424-small_default.jpg;Sac à main Versace Palazzo Empire avec bandouliere, état neuf.;;Luxe;699.9;699,90 CHF;0
5362;https://fastcash-geneve.ch/img/p/6/4/1/2/6412-small_default.jpg;Sac à main et bandouliere Versace Médusa Leather. Etat neuf.;;Luxe;499.9;499,90 CHF;0
5361;https://fastcash-geneve.ch/img/p/6/4/0/4/6404-small_default.jpg;Sac bandouliere Versace Crossbody Leather, état neuf.;;Luxe;599.9;599,90 CHF;0
5360;https://fastcash-geneve.ch/img/p/6/3/9/9/6399-small_default.jpg;Portefeuille Chanel Timeless cuir caviar.;;Luxe;499.9;499,90 CHF;1
5359;https://fastcash-geneve.ch/img/p/6/3/9/6/6396-small_default.jpg;Portefeuille Chanel Timeless Classic Cuir Caviar.;;Luxe;499.9;499,90 CHF;1
5358;https://fastcash-geneve.ch/img/p/6/3/9/1/6391-small_default.jpg;Sac à dos Burberry The Rucksack, état neuf.;;Luxe;699.9;699,90 CHF;1
5357;https://fastcash-geneve.ch/img/p/6/3/8/5/6385-small_default.jpg;Hermes Cuir Glenan H Link.;;Luxe;249.9;249,90 CHF;1
5356;https://fastcash-geneve.ch/img/p/6/3/7/7/6377-small_default.jpg;Tissot Seastar Automatic 44mm. Etat neuf. Ref: T120607A;;Luxe;699.9;699,90 CHF;1
5355;https://fastcash-geneve.ch/img/p/6/3/6/7/6367-small_default.jpg;Bell & Ross BR-S64 Diamond, full set, garantie 06.27;;Luxe;1599.0;1 599,00 CHF;0
5354;https://fastcash-geneve.ch/img/p/6/3/5/8/6358-small_default.jpg;Apple iPad Pro 13 M4 256GB Wifi Batterie 100% 0 cycles. Etat neuf.;;Informatique;799.9;799,90 CHF;0
5353;https://fastcash-geneve.ch/img/p/6/3/5/7/6357-small_default.jpg;Apple iPhone 17 Pro 256GB Orange, produit neuf, garantie 2 ans.;;Téléphonie;1039.9;1 039,90 CHF;0
5352;https://fastcash-geneve.ch/img/p/6/3/5/3/6353-small_default.jpg;Dell Precision 3561 Intel I7 11850H 32GB Ram 512GB SSD Win 11;;Informatique;399.9;399,90 CHF;1
5351;https://fastcash-geneve.ch/img/p/6/3/5/0/6350-small_default.jpg;Apple iPad 13 Pro M4 256GB Wifi, état neuf.;;Informatique;799.9;799,90 CHF;0
5350;https://fastcash-geneve.ch/img/p/fr-default-small_default.jpg;N/D;;Accueil;0.0;0,00 CHF;0
5348;https://fastcash-geneve.ch/img/p/6/3/4/8/6348-small_default.jpg;Louis Vuitton Alma MM Vintage.;;Luxe;599.9;599,90 CHF;1
5347;https://fastcash-geneve.ch/img/p/6/3/3/8/6338-small_default.jpg;Sac d’épaule Jimmy Choo. 21x17x4cm;;Luxe;599.9;599,90 CHF;1
5346;https://fastcash-geneve.ch/img/p/6/3/3/7/6337-small_default.jpg;DJI OSMO Mobile 7. Etat neuf.;;Téléphonie;79.9;79,90 CHF;1
5345;https://fastcash-geneve.ch/img/p/6/3/3/6/6336-small_default.jpg;DJI Mini 5 Pro Combo Pack. Etat neuf.;;Image&Son;879.9;879,90 CHF;0
5344;https://fastcash-geneve.ch/img/p/6/3/3/5/6335-small_default.jpg;DJI OSMO POCKET 3. Creator Combo. Produit neuf.;;Image&Son;399.9;399,90 CHF;0
5343;https://fastcash-geneve.ch/img/p/6/3/3/4/6334-small_default.jpg;Gisada Royal 100ML. Produit neuf.;;Luxe;189.9;189,90 CHF;1
5342;https://fastcash-geneve.ch/img/p/6/3/3/2/6332-small_default.jpg;JBL GO 3;;Image&Son;24.9;24,90 CHF;1
5341;https://fastcash-geneve.ch/img/p/6/3/3/1/6331-small_default.jpg;Console Nintendo Switch lite.;;Consoles, Jeux Vidéo;99.9;99,90 CHF;1
5339;https://fastcash-geneve.ch/img/p/6/3/2/6/6326-small_default.jpg;Apple iPhone 13 Pro Max 128GB Bleu Batterie 100%.;;Téléphonie;399.9;399,90 CHF;1
5338;https://fastcash-geneve.ch/img/p/6/3/2/4/6324-small_default.jpg;Samsung Galaxy Tab A9 64GB 7’’;;Informatique;79.9;79,90 CHF;1
5337;https://fastcash-geneve.ch/img/p/6/3/2/2/6322-small_default.jpg;Apple iPhone 13 Pro 128GB Blanc Batterie 85%.;;Téléphonie;399.9;399,90 CHF;1
5336;https://fastcash-geneve.ch/img/p/6/3/2/0/6320-small_default.jpg;Apple iPhone 14 Pro Max 256GB Gold Batterie 100%;;Téléphonie;679.9;679,90 CHF;1
5335;https://fastcash-geneve.ch/img/p/6/3/1/8/6318-small_default.jpg;Apple iPhone 16 Pro Max 256GB Batterie 100% Garantie Apple 11.09.25;;Téléphonie;839.9;839,90 CHF;0
5334;https://fastcash-geneve.ch/img/p/6/3/1/6/6316-small_default.jpg;Nothing 3A Pro 256GB 5G Dual Sim;;Téléphonie;279.9;279,90 CHF;0
5332;https://fastcash-geneve.ch/img/p/6/3/1/4/6314-small_default.jpg;Apple IPhone 17 Pro 256GB Bleu Neuf Garantie 2 ans.;;Téléphonie;1039.9;1 039,90 CHF;0
5329;https://fastcash-geneve.ch/img/p/fr-default-small_default.jpg;N/D;;Accueil;0.0;0,00 CHF;0
5327;https://fastcash-geneve.ch/img/p/6/3/1/0/6310-small_default.jpg;Apple AirTag Pack X4. Produit neuf.;;Informatique;69.9;69,90 CHF;1
5326;https://fastcash-geneve.ch/img/p/6/3/0/9/6309-small_default.jpg;Samsung Galaxy S25 Ultra 5G 256GB Noir. Produit neuf garantie 2 ans.;;Téléphonie;749.9;749,90 CHF;0
5325;https://fastcash-geneve.ch/img/p/6/3/0/7/6307-small_default.jpg;Apple iPhone 16 Pro 128GB Garantie Apple 28.02.2026;;Téléphonie;769.9;769,90 CHF;1
5324;https://fastcash-geneve.ch/img/p/6/3/0/5/6305-small_default.jpg;Apple iPhone 13 Pro Max 256GB. Batterie 100%.;;Téléphonie;499.9;499,90 CHF;1
5323;https://fastcash-geneve.ch/img/p/6/3/0/2/6302-small_default.jpg;Apple MacBook Air M1 2020 8GB 256GB Batterie 86 cycles. Choc sur le côté gauche.;;Informatique;399.9;399,90 CHF;0
5321;https://fastcash-geneve.ch/img/p/6/2/9/9/6299-small_default.jpg;Bracelet Dinh Van Rasoir en or 18K;;Luxe;499.9;499,90 CHF;1
5320;https://fastcash-geneve.ch/img/p/6/2/9/6/6296-small_default.jpg;Bracelet Louis Vuitton Nano Monogram taille S. Etat neuf.;;Luxe;199.9;199,90 CHF;0
5319;https://fastcash-geneve.ch/img/p/6/2/9/0/6290-small_default.jpg;Tissot T-Race Chronographe Quartz, full set. Réf: T141417B;;Luxe;399.9;399,90 CHF;1
5318;https://fastcash-geneve.ch/img/p/6/2/8/9/6289-small_default.jpg;Tissot T Touch Connect Solar Titanium. Produit neuf, full set.;;Luxe;749.9;749,90 CHF;1
5317;https://fastcash-geneve.ch/img/p/6/2/7/9/6279-small_default.jpg;Tissot PRX Automatic Full Set.;;Luxe;499.9;499,90 CHF;0
5316;https://fastcash-geneve.ch/img/p/6/2/7/8/6278-small_default.jpg;Franck Muller Casablanca Automatic;;Luxe;3999.9;3 999,90 CHF;1
5315;https://fastcash-geneve.ch/img/p/6/2/6/7/6267-small_default.jpg;Apple iPhone 15 Pro Max 256GB Batterie 89%;;Téléphonie;699.9;699,90 CHF;1
5314;https://fastcash-geneve.ch/img/p/6/2/6/5/6265-small_default.jpg;Apple iPhone 17 Pro 512GB Silver. Produit neuf. Garantie 2 ans.;;Téléphonie;1200.0;1 200,00 CHF;0
5313;https://fastcash-geneve.ch/img/p/6/2/6/4/6264-small_default.jpg;Apple iPhone 17 Pro 256GB Bleu. Produit neuf. Garantie 2 ans.;;Téléphonie;1049.9;1 049,90 CHF;0
5312;https://fastcash-geneve.ch/img/p/6/2/6/3/6263-small_default.jpg;Apple iPhone 17 Pro 256GB Silver. Produit neuf. Garantie 2 ans.;;Téléphonie;1039.9;1 039,90 CHF;0
5310;https://fastcash-geneve.ch/img/p/6/2/5/6/6256-small_default.jpg;Hermes Chypre P42. Etat neuf, avec boite et facture.;;Luxe;699.9;699,90 CHF;0
5309;https://fastcash-geneve.ch/img/p/6/2/5/3/6253-small_default.jpg;Apple Aiprods Pro Max USB-C, garantie Apple 1 an.;;Image&Son;299.9;299,90 CHF;1
5308;https://fastcash-geneve.ch/img/p/6/2/5/1/6251-small_default.jpg;Oppo Find N5 Fold 512GB 16Gb Dual Sim 5G Etat neuf.;;Téléphonie;1199.9;1 199,90 CHF;0
5307;https://fastcash-geneve.ch/img/p/fr-default-small_default.jpg;N/D;;Accueil;0.0;0,00 CHF;0
5306;https://fastcash-geneve.ch/img/p/6/2/4/8/6248-small_default.jpg;Apple iPhone 12 Pro 256GB batterie 100%.;;Téléphonie;399.9;399,90 CHF;1
5305;https://fastcash-geneve.ch/img/p/6/2/4/7/6247-small_default.jpg;Apple iPhone 12 Pro Max 128GB Batterie 100%. Fissure à l’arrière.;;Téléphonie;339.9;339,90 CHF;1
5304;https://fastcash-geneve.ch/img/p/6/2/4/5/6245-small_default.jpg;Eau de toilette Diptyque Eau Rose 100ML. Produit neuf.;;Luxe;0.0;0,00 CHF;0
5303;https://fastcash-geneve.ch/img/p/6/2/4/4/6244-small_default.jpg;Eau de parfum Creed Aventus 100ML. Produit neuf.;;Luxe;219.9;219,90 CHF;1
5302;https://fastcash-geneve.ch/img/p/6/2/4/2/6242-small_default.jpg;Gourde Inoxydable Christian Dior, produit neuf.;;Luxe;119.9;119,90 CHF;0
5301;https://fastcash-geneve.ch/img/p/6/2/3/8/6238-small_default.jpg;Dell 7320 Intel I7 1185G7 3.00 GHZ 32GB RAM 512GB SSD Carbon;;Informatique;499.9;499,90 CHF;1
5300;https://fastcash-geneve.ch/img/p/6/2/3/5/6235-small_default.jpg;Parka Stone Island taille XXL.;;Luxe;349.9;349,90 CHF;1
5299;https://fastcash-geneve.ch/img/p/6/2/3/3/6233-small_default.jpg;Apple iPhone 16 Pro 128GB Batterie 93%;;Téléphonie;769.9;769,90 CHF;1
5298;https://fastcash-geneve.ch/img/p/6/2/3/2/6232-small_default.jpg;Apple iPhone 16E 128GB Noir, produit neuf.;;Téléphonie;499.9;499,90 CHF;0
5297;https://fastcash-geneve.ch/img/p/6/2/3/1/6231-small_default.jpg;Samsung Galaxy A36 5G 256GB 8GB Dual SIM, produit neuf.;;Téléphonie;239.9;239,90 CHF;0
5296;https://fastcash-geneve.ch/img/p/6/2/2/9/6229-small_default.jpg;Huawei Pura 70 Ultra 5G Oled 512GB 16GB Dual Sim;;Téléphonie;999.9;999,90 CHF;1
5293;https://fastcash-geneve.ch/img/p/6/2/2/7/6227-small_default.jpg;Google Pixel 10 256GB Noir, produit neuf, garantie 2 ans.;;Téléphonie;699.9;699,90 CHF;0
5291;https://fastcash-geneve.ch/img/p/6/2/2/5/6225-small_default.jpg;Apple iPad A16 2025 128GB Wifi Cellular, produit neuf.;;Informatique;439.9;439,90 CHF;0
5290;https://fastcash-geneve.ch/img/p/6/2/2/4/6224-small_default.jpg;Apple iPhone 17 Pro 256GB Bleu, produit neuf garantie 2 ans.;;Téléphonie;1079.9;1 079,90 CHF;0
5289;https://fastcash-geneve.ch/img/p/6/2/1/8/6218-small_default.jpg;Sneakers Dior B23 Diamond Gris P41 1/2, produit neuf.;;Luxe;599.9;599,90 CHF;0
5288;https://fastcash-geneve.ch/img/p/6/2/1/6/6216-small_default.jpg;Apple iPhone 16 Plus 128GB Batterie 100% état neuf.;;Téléphonie;639.9;639,90 CHF;0
5287;https://fastcash-geneve.ch/img/p/6/2/1/1/6211-small_default.jpg;Sac bandoulière en cuir Gucci;;Luxe;599.9;599,90 CHF;2
5286;https://fastcash-geneve.ch/img/p/6/2/0/8/6208-small_default.jpg;Ceinture Louis Vuitton Initial LV T90 état neuf, avec boîte et facture.;;Luxe;379.9;379,90 CHF;-1
5283;https://fastcash-geneve.ch/img/p/6/2/0/2/6202-small_default.jpg;Canon 55-250 EFS;;Image&Son;119.9;119,90 CHF;0
5281;https://fastcash-geneve.ch/img/p/6/1/9/4/6194-small_default.jpg;Apple iPhone 15 Pro Max 256GB Batterie 88%;;Téléphonie;699.9;699,90 CHF;1
5280;https://fastcash-geneve.ch/img/p/6/1/9/3/6193-small_default.jpg;Apple iPhone 16 Pro 128GB Batterie 92% Garantie Apple 1 an.;;Téléphonie;759.9;759,90 CHF;1
5279;https://fastcash-geneve.ch/img/p/6/1/9/0/6190-small_default.jpg;Apple iPhone 14 Pro Max 256GB Batterie 100%;;Téléphonie;679.9;679,90 CHF;1
5277;https://fastcash-geneve.ch/img/p/6/1/8/5/6185-small_default.jpg;Cartier Vendôme en or 18K Quartz.;;Luxe;1199.9;1 199,90 CHF;0
5276;https://fastcash-geneve.ch/img/p/6/1/8/1/6181-small_default.jpg;Briquet Dupont Ligne 2 Laque De Chine.;;Luxe;499.9;499,90 CHF;1
5275;https://fastcash-geneve.ch/img/p/6/1/7/8/6178-small_default.jpg;Briquet Dupont Palladium Brossé 2 lignes. Vintage.;;Luxe;799.9;799,90 CHF;1
5274;https://fastcash-geneve.ch/img/p/6/1/7/5/6175-small_default.jpg;Hermes Kelly Watch Mini Quartz.;;Luxe;699.9;699,90 CHF;0
5273;https://fastcash-geneve.ch/img/p/6/1/7/3/6173-small_default.jpg;Bracelet Louis Vuitton en cuir, état neuf.;;Luxe;229.9;229,90 CHF;0
5272;https://fastcash-geneve.ch/img/p/6/1/6/7/6167-small_default.jpg;Oris Big Crown Pointer Date Automatic, full set, garantie 2 ans, état neuf de Septembre 2025.;;Luxe;1499.9;1 499,90 CHF;0
5270;https://fastcash-geneve.ch/img/p/6/1/6/3/6163-small_default.jpg;Routeur 5G Wifi Pro 5, état neuf.;;Téléphonie;149.9;149,90 CHF;1
5269;https://fastcash-geneve.ch/img/p/6/1/6/1/6161-small_default.jpg;Console Nintendo Switch avec dock.;;Consoles, Jeux Vidéo;149.9;149,90 CHF;1
5268;https://fastcash-geneve.ch/img/p/6/1/5/9/6159-small_default.jpg;Porte Cartes Montblanc Extrême 3.0, produit neuf.;;Luxe;229.9;229,90 CHF;1
5267;https://fastcash-geneve.ch/img/p/6/1/5/1/6151-small_default.jpg;Sony Alpha 7R III avec 28-70, 70 déclenchements seulement, état neuf.;;Image&Son;1099.9;1 099,90 CHF;0
5264;https://fastcash-geneve.ch/img/p/6/1/4/9/6149-small_default.jpg;Casquette Gucci Jumbo taille XL;;Luxe;299.9;299,90 CHF;0
5263;https://fastcash-geneve.ch/img/p/6/1/4/7/6147-small_default.jpg;Lenovo V14 G4 Intel I3 13TH 8GB 256GB SSD;;Informatique;349.9;349,90 CHF;1
5262;https://fastcash-geneve.ch/img/p/6/1/4/5/6145-small_default.jpg;Apple iPad 10TH Wifi 64GB.;;Informatique;249.9;249,90 CHF;0
5261;https://fastcash-geneve.ch/img/p/6/1/4/4/6144-small_default.jpg;Playstation Portal.;;Consoles, Jeux Vidéo;159.9;159,90 CHF;0
5260;https://fastcash-geneve.ch/img/p/6/1/4/3/6143-small_default.jpg;Apple IPhone 14 Pro Max 128GB Batterie 98%;;Téléphonie;579.9;579,90 CHF;1
5259;https://fastcash-geneve.ch/img/p/6/1/4/0/6140-small_default.jpg;Dell Latitude Intel Core Ultra 7 165U 1.70 GHZ, 32GB Ram, 1TB SSD, état neuf.;;Informatique;699.9;699,90 CHF;1
5258;https://fastcash-geneve.ch/img/p/6/1/3/6/6136-small_default.jpg;Dell 7350 Intel I7 11TH 3 GHZ, 16GB Ram, 512GB SSD, état neuf.;;Informatique;379.9;379,90 CHF;1
5257;https://fastcash-geneve.ch/img/p/6/1/3/3/6133-small_default.jpg;Doudoune Moncler taille M, état neuf, collection 2025.;;Luxe;699.9;699,90 CHF;0
5256;https://fastcash-geneve.ch/img/p/6/1/3/2/6132-small_default.jpg;Sweat-shirt Gucci taille M;;Luxe;199.9;199,90 CHF;1
5255;https://fastcash-geneve.ch/img/p/6/1/3/0/6130-small_default.jpg;Porte Carte Rimowa;;Luxe;149.9;149,90 CHF;0
5254;https://fastcash-geneve.ch/img/p/6/1/2/8/6128-small_default.jpg;Apple IPhone 15 256GB Noir, batterie 88%.;;Téléphonie;579.9;579,90 CHF;1
5253;https://fastcash-geneve.ch/img/p/6/1/2/7/6127-small_default.jpg;Apple IPhone 16E 256GB Noir, produit neuf garantie 2 ans.;;Téléphonie;599.9;599,90 CHF;-1
5252;https://fastcash-geneve.ch/img/p/6/1/2/5/6125-small_default.jpg;Apple MacBook Air M4 13’’ 16GB 256GB, produit neuf, garantie 2 ans.;;Informatique;799.9;799,90 CHF;0
5251;https://fastcash-geneve.ch/img/p/6/1/2/3/6123-small_default.jpg;Apple IPhone 12 64GB Batterie 89%;;Téléphonie;249.9;249,90 CHF;1
5249;https://fastcash-geneve.ch/img/p/6/1/1/9/6119-small_default.jpg;Apple IPhone 15 Pro Max 256GB Batterie 92%;;Téléphonie;699.9;699,90 CHF;1
5248;https://fastcash-geneve.ch/img/p/6/1/1/4/6114-small_default.jpg;Louis Vuitton Stellar P41 état neuf.;;Accueil;649.9;649,90 CHF;0
5247;https://fastcash-geneve.ch/img/p/6/1/1/3/6113-small_default.jpg;Apple IPad Air 5 64GB Wifi;;Informatique;399.9;399,90 CHF;0
5246;https://fastcash-geneve.ch/img/p/6/1/0/8/6108-small_default.jpg;Apple MacBook Air 2025 M4 16GB 256GB Batterie 1 cycle. Etat neuf, garantie Apple 1 an.;;Informatique;929.9;929,90 CHF;0
5245;https://fastcash-geneve.ch/img/p/6/1/0/6/6106-small_default.jpg;Nothing 3 512GB 16GB Dual SIM, état neuf.;;Téléphonie;499.9;499,90 CHF;1
5244;https://fastcash-geneve.ch/img/p/6/1/0/1/6101-small_default.jpg;Tissot PRX Noir Automatic, produit neuf.;;Luxe;499.9;499,90 CHF;0
5243;https://fastcash-geneve.ch/img/p/fr-default-small_default.jpg;N/D;;Accueil;0.0;0,00 CHF;0
5242;https://fastcash-geneve.ch/img/p/6/0/9/6/6096-small_default.jpg;Graham Swordfish Automatic Chronograph.;;Luxe;1999.9;1 999,90 CHF;1
5241;https://fastcash-geneve.ch/img/p/6/0/9/3/6093-small_default.jpg;Montre Versace Hellenyium à quartz, produit neuf.;;Luxe;499.9;499,90 CHF;0
5240;https://fastcash-geneve.ch/img/p/6/0/8/9/6089-small_default.jpg;Salvatore Ferragamo à quartz, produit neuf.;;Luxe;349.9;349,90 CHF;0
5239;https://fastcash-geneve.ch/img/p/6/0/8/5/6085-small_default.jpg;N/D;;Accueil;0.0;0,00 CHF;0
5238;https://fastcash-geneve.ch/img/p/6/0/7/5/6075-small_default.jpg;Edox Delfin Day Date Automatic, full set.;;Luxe;799.9;799,90 CHF;1
5237;https://fastcash-geneve.ch/img/p/6/0/7/3/6073-small_default.jpg;Tissot PRX Automatic, état neuf, full set, garantie 2 ans, 2 bracelets.;;Luxe;499.9;499,90 CHF;1
5236;https://fastcash-geneve.ch/img/p/6/0/6/6/6066-small_default.jpg;Alpha Leonis Automatic, full set.;;Luxe;349.9;349,90 CHF;1
5235;https://fastcash-geneve.ch/img/p/6/0/5/2/6052-small_default.jpg;Hamilton Jazzmaster Cinéma Automatic, full set, garantie 2 ans.;;Luxe;799.9;799,90 CHF;0
5234;https://fastcash-geneve.ch/img/p/6/0/4/9/6049-small_default.jpg;Biquet Dupont Fire X Slim 7 Lighter, état neuf.;;Luxe;149.9;149,90 CHF;1
5233;https://fastcash-geneve.ch/img/p/6/0/4/5/6045-small_default.jpg;Apple IPhone Air 512GB Bleu, produit neuf garantie 2 ans.;;Téléphonie;1279.9;1 279,90 CHF;-1
5232;https://fastcash-geneve.ch/img/p/6/0/4/2/6042-small_default.jpg;Samsung Galaxy S25 Ulta 5G 256GB Dual Sim, produit neuf, garantie 2 ans.;;Téléphonie;779.9;779,90 CHF;0
5231;https://fastcash-geneve.ch/img/p/6/0/4/1/6041-small_default.jpg;Apple IPhone 17 Pro 256GB Bleu, produit neuf, garantie 2 ans.;;Téléphonie;12999.0;12 999,00 CHF;0
5230;https://fastcash-geneve.ch/img/p/6/0/3/8/6038-small_default.jpg;Louis Vuitton Keepall 45 Monogram avec bandoulière, cadenas et facture.;;Luxe;1499.0;1 499,00 CHF;0
5229;https://fastcash-geneve.ch/img/p/6/0/3/4/6034-small_default.jpg;Portefeuille Gucci Ophidia GG Noir.;;Luxe;249.9;249,90 CHF;1
5228;https://fastcash-geneve.ch/img/p/6/0/3/0/6030-small_default.jpg;Canon RF 24-70 F2.8 L IS USM, état neuf.;;Image&Son;1299.9;1 299,90 CHF;0
5225;https://fastcash-geneve.ch/img/p/6/0/2/9/6029-small_default.jpg;Parapluie Rolex, produit neuf.;;Luxe;149.9;149,90 CHF;1
5224;https://fastcash-geneve.ch/img/p/6/0/2/6/6026-small_default.jpg;Bonnet Moncler taille M, produit neuf.;;Luxe;169.9;169,90 CHF;1
5223;https://fastcash-geneve.ch/img/p/6/0/1/8/6018-small_default.jpg;Valise Louis Vuitton Pegasse 55 damier ébène, avec facture.;;Luxe;1499.9;1 499,90 CHF;1
5222;https://fastcash-geneve.ch/img/p/6/0/1/2/6012-small_default.jpg;Sneakers Dior B27 P44;;Luxe;329.9;329,90 CHF;0
5221;https://fastcash-geneve.ch/img/p/6/0/0/7/6007-small_default.jpg;Sneakers Dior B23 Montante P44;;Luxe;399.9;399,90 CHF;1
5220;https://fastcash-geneve.ch/img/p/6/0/0/1/6001-small_default.jpg;Sacoche Prada triple poches, état neuf, avec facture.;;Luxe;649.9;649,90 CHF;0
5219;https://fastcash-geneve.ch/img/p/5/9/9/6/5996-small_default.jpg;Louis Vuitton Clemence toile monogram;;Luxe;329.9;329,90 CHF;1
5218;https://fastcash-geneve.ch/img/p/5/9/8/9/5989-small_default.jpg;Louis Vuitton Duo Messenger toile monogram;;Luxe;899.9;899,90 CHF;0
5217;https://fastcash-geneve.ch/img/p/5/9/8/3/5983-small_default.jpg;Sacoche bandoulière Gucci Jumbo;;Luxe;699.9;699,90 CHF;0
5216;https://fastcash-geneve.ch/img/p/5/9/7/4/5974-small_default.jpg;Louis Vuitton Zippy Edition limitée;;Luxe;599.9;599,90 CHF;1
5215;https://fastcash-geneve.ch/img/p/5/9/6/8/5968-small_default.jpg;Louis Vuitton Twist Bleu Cuir Épi;;Luxe;1499.9;1 499,90 CHF;0
5214;https://fastcash-geneve.ch/img/p/5/9/6/3/5963-small_default.jpg;Jacquemus Le sac Rond Rose;;Luxe;549.9;549,90 CHF;1
5213;https://fastcash-geneve.ch/img/p/5/9/5/6/5956-small_default.jpg;Louis Vuitton Very Zipped en cuir.;;Luxe;1299.9;1 299,90 CHF;-1
5212;https://fastcash-geneve.ch/img/p/5/9/5/1/5951-small_default.jpg;Porte Cartes Louis Vuitton Cuir monogram;;Luxe;249.9;249,90 CHF;1
5211;https://fastcash-geneve.ch/img/p/5/9/4/5/5945-small_default.jpg;Louis Vuitton Messenger Saumur toile graphite Monogram.;;Luxe;1499.9;1 499,90 CHF;-1
5209;https://fastcash-geneve.ch/img/p/5/9/4/0/5940-small_default.jpg;Survêtement Palm Angels Taille M;;Luxe;399.9;399,90 CHF;1
5208;https://fastcash-geneve.ch/img/p/5/9/3/7/5937-small_default.jpg;Pantalon Palm Angels taille S;;Luxe;179.9;179,90 CHF;1
5207;https://fastcash-geneve.ch/img/p/5/9/3/3/5933-small_default.jpg;Cargo Stone Island taille 32;;Luxe;199.9;199,90 CHF;1
5205;https://fastcash-geneve.ch/img/p/5/9/2/7/5927-small_default.jpg;Nothing 3A Pro 256GB 12GB Dual Sim;;Téléphonie;279.9;279,90 CHF;0
5204;https://fastcash-geneve.ch/img/p/5/9/2/4/5924-small_default.jpg;Moncler Trailgrip GTX Carbon P42. Etat neuf, boite et facture.;;Luxe;449.9;449,90 CHF;1
5203;https://fastcash-geneve.ch/img/p/5/9/1/8/5918-small_default.jpg;Apple IPhone 15 Pro 256GB batterie 87%;;Téléphonie;699.9;699,90 CHF;1
5202;https://fastcash-geneve.ch/img/p/5/9/1/7/5917-small_default.jpg;Tee shirt Moncler taille XL;;Luxe;119.9;119,90 CHF;1
5201;https://fastcash-geneve.ch/img/p/5/9/1/4/5914-small_default.jpg;Tee shirt Off-White taille L;;Luxe;119.9;119,90 CHF;1
5200;https://fastcash-geneve.ch/img/p/5/9/1/3/5913-small_default.jpg;Polo Ami taille M;;Luxe;99.9;99,90 CHF;1
5199;https://fastcash-geneve.ch/img/p/5/9/1/1/5911-small_default.jpg;Tee shirt Prada taille S;;Luxe;99.9;99,90 CHF;1
5198;https://fastcash-geneve.ch/img/p/5/9/0/8/5908-small_default.jpg;Pull Stone Island taille XL;;Luxe;119.9;119,90 CHF;1
5197;https://fastcash-geneve.ch/img/p/5/9/0/7/5907-small_default.jpg;Sweat Balenciaga taille S Oversize.;;Luxe;299.9;299,90 CHF;1
5195;https://fastcash-geneve.ch/img/p/5/9/0/0/5900-small_default.jpg;N/D;;Accueil;0.0;0,00 CHF;0
5194;https://fastcash-geneve.ch/img/p/5/8/9/7/5897-small_default.jpg;Poco X7 Pro 512GB Dual Sim.;;Téléphonie;229.9;229,90 CHF;1
5190;https://fastcash-geneve.ch/img/p/5/8/9/2/5892-small_default.jpg;Apple IPad Mini 7 A7 Pro 128GB Wifi, produit neuf, garantie 2 ans.;;Informatique;399.9;399,90 CHF;0
5189;https://fastcash-geneve.ch/img/p/5/8/8/9/5889-small_default.jpg;Apple IPad Air 13’’ M3 128GB Wifi Cellular, état neuf, garantie Apple 08.26;;Informatique;699.9;699,90 CHF;1
5188;https://fastcash-geneve.ch/img/p/5/8/8/3/5883-small_default.jpg;Sneakers Louis Vuitton Archlight P38.;;Chaussures;499.9;499,90 CHF;1
5187;https://fastcash-geneve.ch/img/p/5/8/8/1/5881-small_default.jpg;Apple IPad Mini 6 64GB Wifi Cellular. Etat neuf.;;Informatique;449.9;449,90 CHF;0
5186;https://fastcash-geneve.ch/img/p/5/8/7/8/5878-small_default.jpg;Samsung Galaxy A7 8GB Wifi 4G;;Informatique;119.9;119,90 CHF;1
5185;https://fastcash-geneve.ch/img/p/5/8/7/7/5877-small_default.jpg;Apple IPhone 13 Pro Max 128GB Batterie 81%;;Téléphonie;499.9;499,90 CHF;1
5184;https://fastcash-geneve.ch/img/p/5/8/7/4/5874-small_default.jpg;Samsung Galaxy A16 128GB 5G;;Téléphonie;129.9;129,90 CHF;0
5183;https://fastcash-geneve.ch/img/p/5/8/6/9/5869-small_default.jpg;Loro Piana Summer Walk P44 état neuf.;;Luxe;699.9;699,90 CHF;1
5182;https://fastcash-geneve.ch/img/p/5/8/6/6/5866-small_default.jpg;Carré Alexander McQueen;;Luxe;199.9;199,90 CHF;1
5181;https://fastcash-geneve.ch/img/p/5/8/6/5/5865-small_default.jpg;Carré Christian Dior Toile de Jouy Soleil 90x90;;Luxe;299.9;299,90 CHF;1
5180;https://fastcash-geneve.ch/img/p/5/8/6/3/5863-small_default.jpg;Pull Stone Island taille L;;Accueil;199.9;199,90 CHF;1
5179;https://fastcash-geneve.ch/img/p/5/8/6/0/5860-small_default.jpg;Gilet Stone Island taille M;;Luxe;149.9;149,90 CHF;1
5178;https://fastcash-geneve.ch/img/p/fr-default-small_default.jpg;N/D;;Accueil;0.0;0,00 CHF;0
5175;https://fastcash-geneve.ch/img/p/5/8/5/5/5855-small_default.jpg;Louis Vuitton Noé GM Vintage.;;Luxe;499.9;499,90 CHF;1
5173;https://fastcash-geneve.ch/img/p/5/8/5/2/5852-small_default.jpg;Nintendo DSI XL;;Consoles, Jeux Vidéo;99.9;99,90 CHF;0
5172;https://fastcash-geneve.ch/img/p/5/8/4/3/5843-small_default.jpg;Pochette bandouliere Louis Vuitton Félicie Cuir Epi Noir.;;Luxe;999.9;999,90 CHF;1
5171;https://fastcash-geneve.ch/img/p/5/8/4/0/5840-small_default.jpg;Doudoune Pyrenex Vintage Moderne, produit neuf, taille M. Unisex.;;Luxe;299.9;299,90 CHF;1
5170;https://fastcash-geneve.ch/img/p/5/8/3/9/5839-small_default.jpg;Écouteurs sans fil Sennheiser Accentum Open, produit neuf.;;Image&Son;59.9;59,90 CHF;1
5169;https://fastcash-geneve.ch/img/p/5/8/3/4/5834-small_default.jpg;Louis Vuitton Keepall 60 vintage, avec bandouliere.;;Luxe;599.9;599,90 CHF;0
5168;https://fastcash-geneve.ch/img/p/5/8/3/2/5832-small_default.jpg;Apple IPhone 12 256GB Batterie 100%;;Téléphonie;329.9;329,90 CHF;1
5167;https://fastcash-geneve.ch/img/p/5/8/3/0/5830-small_default.jpg;Apple IPhone 12 64GB Batterie 100%;;Téléphonie;249.9;249,90 CHF;1
5164;https://fastcash-geneve.ch/img/p/5/8/2/5/5825-small_default.jpg;Louis Vuitton Seau PM Vintage.;;Luxe;399.9;399,90 CHF;1
5163;https://fastcash-geneve.ch/img/p/5/8/1/6/5816-small_default.jpg;Sac à main Celine Luggage Python.;;Luxe;799.9;799,90 CHF;0
5161;https://fastcash-geneve.ch/img/p/5/8/0/1/5801-small_default.jpg;Mocassin Louis Vuitton Monte Carlo P43;;Luxe;299.9;299,90 CHF;0
5160;https://fastcash-geneve.ch/img/p/5/8/0/0/5800-small_default.jpg;Louis Vuitton Speedy 35 Toile Monogram;;Luxe;599.9;599,90 CHF;0
5159;https://fastcash-geneve.ch/img/p/5/7/9/4/5794-small_default.jpg;Boadicea Victorious Monarch 100ml;;Luxe;179.9;179,90 CHF;1
5158;https://fastcash-geneve.ch/img/p/5/7/9/3/5793-small_default.jpg;Apple IPad Pro 11’’ 2TH 128GB Wifi;;Tablettes;369.9;369,90 CHF;1
5157;https://fastcash-geneve.ch/img/p/5/7/8/7/5787-small_default.jpg;Sneakers Dior B22 P43 Etat neuf avec boite et facture.;;Luxe;699.9;699,90 CHF;0
5156;https://fastcash-geneve.ch/img/p/5/7/8/5/5785-small_default.jpg;Apple IPhone 17 256GB Noir, neuf, garantie 2 ans.;;Téléphonie;899.9;899,90 CHF;0
5155;https://fastcash-geneve.ch/img/p/5/7/8/4/5784-small_default.jpg;DJI OSMO POCKET 3 4K avec batterie externe.;;Image&Son;399.9;399,90 CHF;0
5154;https://fastcash-geneve.ch/img/p/5/7/8/1/5781-small_default.jpg;Apple MacBook Pro 13’’ TouchBar Intel I5 1.4GHZ 8GB 128GB Batterie 129 cycles.;;Informatique;429.9;429,90 CHF;0
5153;https://fastcash-geneve.ch/img/p/5/7/7/9/5779-small_default.jpg;S25 Ultra pour Amina;;Téléphonie;800.0;800,00 CHF;0
5151;https://fastcash-geneve.ch/img/p/5/7/7/5/5775-small_default.jpg;Pochette Fendi Shadow Diagonal cuir noir.;;Luxe;699.9;699,90 CHF;1
5150;https://fastcash-geneve.ch/img/p/5/7/7/2/5772-small_default.jpg;Sneakers Moncler Pacey P43, état neuf.;;Luxe;399.9;399,90 CHF;1
5149;https://fastcash-geneve.ch/img/p/5/7/6/9/5769-small_default.jpg;Lenovo ThinkCentre Intel I5 8TH 8GB 256GB SSD;;Informatique;179.9;179,90 CHF;1
5148;https://fastcash-geneve.ch/img/p/5/7/6/5/5765-small_default.jpg;Louis Vuitton Speedy 30 toile monogram.;;Luxe;599.9;599,90 CHF;0
5146;https://fastcash-geneve.ch/img/p/5/7/6/0/5760-small_default.jpg;Ceinture Gucci Mickey T80;;Luxe;299.9;299,90 CHF;1
5145;https://fastcash-geneve.ch/img/p/5/7/5/9/5759-small_default.jpg;Ceinture Gucci T95, état neuf.;;Luxe;299.9;299,90 CHF;1
5144;https://fastcash-geneve.ch/img/p/5/7/5/7/5757-small_default.jpg;Ceinture Gucci T85, produit neuf.;;Luxe;299.9;299,90 CHF;0
5143;https://fastcash-geneve.ch/img/p/fr-default-small_default.jpg;N/D;;Accueil;0.0;0,00 CHF;0
5142;https://fastcash-geneve.ch/img/p/5/7/5/2/5752-small_default.jpg;Pochette Louis Vuitton Kasai damier graphite.;;Luxe;399.9;399,90 CHF;0
5141;https://fastcash-geneve.ch/img/p/5/7/5/0/5750-small_default.jpg;Veste Drôle de Monsieur taille M.;;Luxe;229.9;229,90 CHF;2
5140;https://fastcash-geneve.ch/img/p/5/7/4/9/5749-small_default.jpg;Doudoune Céline taille S Oversize.;;Luxe;599.9;599,90 CHF;1
5139;https://fastcash-geneve.ch/img/p/5/7/4/6/5746-small_default.jpg;Doudoune Prada femme taille L, état neuf, prix boutique 2200.-;;Luxe;699.9;699,90 CHF;0
5138;https://fastcash-geneve.ch/img/p/5/7/4/3/5743-small_default.jpg;Trench Burberry taille M;;Luxe;329.9;329,90 CHF;1
5137;https://fastcash-geneve.ch/img/p/5/7/4/1/5741-small_default.jpg;Doudoune Moncler taille XL.;;Luxe;499.9;499,90 CHF;-1
5136;https://fastcash-geneve.ch/img/p/5/7/3/6/5736-small_default.jpg;Gilet en laine Barbour taille L. Produit neuf.;;Luxe;69.9;69,90 CHF;1
5135;https://fastcash-geneve.ch/img/p/5/7/3/4/5734-small_default.jpg;Doudoune Moncler taille M. Etat neuf.;;Luxe;699.9;699,90 CHF;0
5134;https://fastcash-geneve.ch/img/p/5/7/3/1/5731-small_default.jpg;Doudoune Columbia taille M.L Produit neuf.;;Luxe;159.9;159,90 CHF;1
5133;https://fastcash-geneve.ch/img/p/5/7/2/9/5729-small_default.jpg;Samsung Galaxy Z FliP 7 256GB, produit neuf garantie 2 ans.;;Téléphonie;699.9;699,90 CHF;0
5132;https://fastcash-geneve.ch/img/p/5/7/2/7/5727-small_default.jpg;Apple IPhone 14 Pro 512GB Batterie 89%;;Téléphonie;699.9;699,90 CHF;1
5131;https://fastcash-geneve.ch/img/p/5/7/2/6/5726-small_default.jpg;Bracelet Bleu pour Apple Watch Ultra. Produit neuf.;;Téléphonie;69.9;69,90 CHF;1
5130;https://fastcash-geneve.ch/img/p/5/7/2/5/5725-small_default.jpg;Bracelet Noir pour Apple Watch Ultra, produit neuf.;;Téléphonie;69.9;69,90 CHF;1
5129;https://fastcash-geneve.ch/img/p/5/7/2/4/5724-small_default.jpg;Bracelet Milanais pour Apple Watch, produit neuf.;;Accessoires;69.9;69,90 CHF;1
5128;https://fastcash-geneve.ch/img/p/5/7/2/2/5722-small_default.jpg;Apple IPhone 13 128GB Batterie 100%;;Téléphonie;329.9;329,90 CHF;1
5127;https://fastcash-geneve.ch/img/p/5/7/2/0/5720-small_default.jpg;Samsung Galaxy S23 256GB Dual Sim.;;Téléphonie;349.9;349,90 CHF;1
5126;https://fastcash-geneve.ch/img/p/5/7/1/4/5714-small_default.jpg;Huawei MateBook Fold Ultimate 32GB Ram 1TB SSD, Oled, vendu avec clavier chargeur et house d’origine.;;Informatique;4599.9;4 599,90 CHF;0
5125;https://fastcash-geneve.ch/img/p/5/7/1/1/5711-small_default.jpg;N/D;;Accueil;0.0;0,00 CHF;0
5124;https://fastcash-geneve.ch/img/p/5/7/0/5/5705-small_default.jpg;Bottes Prada P38;;Luxe;299.9;299,90 CHF;0
5123;https://fastcash-geneve.ch/img/p/5/7/0/4/5704-small_default.jpg;Ultimate Ears Megaboom 4, produit neuf.;;Accueil;89.9;89,90 CHF;1
5122;https://fastcash-geneve.ch/img/p/5/7/0/2/5702-small_default.jpg;Apple AirPods Max USB-C, état neuf.;;Image&Son;329.9;329,90 CHF;1
5121;https://fastcash-geneve.ch/img/p/5/7/0/0/5700-small_default.jpg;Apple IPhone 16E 128GB Batterie 100% Etat neuf, garantie Apple 09.26;;Téléphonie;499.9;499,90 CHF;0
5120;https://fastcash-geneve.ch/img/p/5/6/9/8/5698-small_default.jpg;Apple IPad Pro 12.9’’ 4TH 128GB Wifi, avec Apple Keyboard et Apple Pencil.;;Informatique;699.9;699,90 CHF;1
5119;https://fastcash-geneve.ch/img/p/5/6/9/3/5693-small_default.jpg;Sneaker Burberry Beige Check P43. Produit neuf.;;Luxe;499.9;499,90 CHF;1
5118;https://fastcash-geneve.ch/img/p/5/6/9/0/5690-small_default.jpg;Louis Vuitton Trainer Skate P43, Etat neuf, avec facture. Edition limitée.;;Luxe;1999.9;1 999,90 CHF;0
5117;https://fastcash-geneve.ch/img/p/5/6/8/6/5686-small_default.jpg;Apple IPhone 14 128GB Batterie 88%;;Téléphonie;379.9;379,90 CHF;1
5116;https://fastcash-geneve.ch/img/p/5/6/8/4/5684-small_default.jpg;Apple IPhone XR 64GB Batterie 86%;;Téléphonie;149.9;149,90 CHF;1
5115;https://fastcash-geneve.ch/img/p/5/6/8/3/5683-small_default.jpg;N/D;;Accueil;0.0;0,00 CHF;0
5114;https://fastcash-geneve.ch/img/p/5/6/8/0/5680-small_default.jpg;Canon 50MM F1.4 Ultrasonic;;Image&Son;319.9;319,90 CHF;1
5113;https://fastcash-geneve.ch/img/p/5/6/7/5/5675-small_default.jpg;Canon 5D Mark IV Body.;;Image&Son;1199.0;1 199,00 CHF;0
5112;https://fastcash-geneve.ch/img/p/5/6/6/9/5669-small_default.jpg;Louis Vuitton City Streamer XXL Bag, avec bandouliere.;;Luxe;1499.9;1 499,90 CHF;0
5110;https://fastcash-geneve.ch/img/p/fr-default-small_default.jpg;N/D;;Accueil;0.0;0,00 CHF;0
5109;https://fastcash-geneve.ch/img/p/5/6/6/4/5664-small_default.jpg;Portefeuille Louis Vuitton Brazza Cuir Épi, état neuf.;;Luxe;499.9;499,90 CHF;1
5107;https://fastcash-geneve.ch/img/p/5/6/5/5/5655-small_default.jpg;DJI Avata avec Goggles FPV V2, 4 batteries, et les manettes.;;Image&Son;479.9;479,90 CHF;0
5106;https://fastcash-geneve.ch/img/p/5/6/5/2/5652-small_default.jpg;Casque audio avec réduction de bruit Sony WH1000XM6;;Image&Son;299.9;299,90 CHF;1
5105;https://fastcash-geneve.ch/img/p/5/6/5/1/5651-small_default.jpg;Mocassin Louis Vuitton Monte Carlo P43-44 Etat neuf.;;Luxe;499.9;499,90 CHF;0
5103;https://fastcash-geneve.ch/img/p/5/6/4/6/5646-small_default.jpg;Apple MacBook Air 13 M2 2022 8GB 256GB Batterie 150 cycles.;;Informatique;599.9;599,90 CHF;0
5102;https://fastcash-geneve.ch/img/p/fr-default-small_default.jpg;N/D;;Accueil;0.0;0,00 CHF;0
5101;https://fastcash-geneve.ch/img/p/5/6/4/4/5644-small_default.jpg;Bague Cartier en Or 18K avec diamant, taille T53, full set, facture boite et certificat.;;Luxe;899.9;899,90 CHF;1
5100;https://fastcash-geneve.ch/img/p/5/6/4/0/5640-small_default.jpg;Microsoft Surface Pro 7 Intel I7 10TH 16GB 512GB;;Informatique;399.9;399,90 CHF;0
5099;https://fastcash-geneve.ch/img/p/5/6/3/8/5638-small_default.jpg;Tissot PRS516 Powermatic 80 état neuf, full set, garantie 2 ans.;;Luxe;499.9;499,90 CHF;1
5098;https://fastcash-geneve.ch/img/p/5/6/3/6/5636-small_default.jpg;Seiko 5 Sport Automatic.;;Luxe;239.9;239,90 CHF;0
5097;https://fastcash-geneve.ch/img/p/5/6/3/1/5631-small_default.jpg;Tissot Chemin des Tourelles Powermatic 80;;Luxe;399.9;399,90 CHF;1
5096;https://fastcash-geneve.ch/img/p/5/6/2/7/5627-small_default.jpg;Swatch X Omega Mission To Pluto;;Luxe;199.9;199,90 CHF;0
5095;https://fastcash-geneve.ch/img/p/5/6/2/5/5625-small_default.jpg;Montre Swiss Military Quartz.;;Luxe;129.9;129,90 CHF;1
5094;https://fastcash-geneve.ch/img/p/5/6/1/7/5617-small_default.jpg;Appareil photo Sony DSC-HX20V;;Image&Son;249.9;249,90 CHF;1
5093;https://fastcash-geneve.ch/img/p/5/6/1/4/5614-small_default.jpg;Apple IPhone 14 128GB Batterie 100%;;Téléphonie;379.9;379,90 CHF;1
5092;https://fastcash-geneve.ch/img/p/5/6/1/3/5613-small_default.jpg;Pendentif en or 14K Adler;;Luxe;169.9;169,90 CHF;1
5091;https://fastcash-geneve.ch/img/p/5/6/1/2/5612-small_default.jpg;Pendentif en Or 18K 1.37GR;;Luxe;99.9;99,90 CHF;1
5090;https://fastcash-geneve.ch/img/p/5/6/0/9/5609-small_default.jpg;Bague en Or 18K 3.6Gr taille 52, avec diamants.;;Luxe;599.9;599,90 CHF;1
5089;https://fastcash-geneve.ch/img/p/5/6/0/7/5607-small_default.jpg;Bague en Or 18K 2.9Gr T56, avec diamants.;;Luxe;249.9;249,90 CHF;1
5088;https://fastcash-geneve.ch/img/p/5/6/0/6/5606-small_default.jpg;Bague en Or 18K 1.46Gr T57;;Luxe;139.9;139,90 CHF;1
5087;https://fastcash-geneve.ch/img/p/5/6/0/3/5603-small_default.jpg;Bague en Or 22k 3.82GR T56;;Luxe;359.9;359,90 CHF;0
5086;https://fastcash-geneve.ch/img/p/5/6/0/2/5602-small_default.jpg;Collier en plaqué Or Versace.;;Luxe;199.9;199,90 CHF;1
5085;https://fastcash-geneve.ch/img/p/5/6/0/1/5601-small_default.jpg;Micro Sony ECM-W2BT, produit neuf.;;Image&Son;119.9;119,90 CHF;1
5084;https://fastcash-geneve.ch/img/p/5/5/9/9/5599-small_default.jpg;Tamron Monture Canon 18-200;;Image&Son;139.9;139,90 CHF;1
5083;https://fastcash-geneve.ch/img/p/5/5/9/6/5596-small_default.jpg;Canon 1200D avec 18-55;;Image&Son;199.9;199,90 CHF;1
5082;https://fastcash-geneve.ch/img/p/5/5/9/4/5594-small_default.jpg;Samsung Galaxy Z Fold 6 512GB Dual Sim;;Téléphonie;799.9;799,90 CHF;0
5081;https://fastcash-geneve.ch/img/p/fr-default-small_default.jpg;N/D;;Accueil;0.0;0,00 CHF;0
5080;https://fastcash-geneve.ch/img/p/5/5/9/1/5591-small_default.jpg;Sneaker Louis Vuitton Trainer P41;;Luxe;499.9;499,90 CHF;1
5079;https://fastcash-geneve.ch/img/p/5/5/8/7/5587-small_default.jpg;Louis Vuitton Trainer P41-42;;Luxe;699.9;699,90 CHF;0
5078;https://fastcash-geneve.ch/img/p/5/5/8/3/5583-small_default.jpg;Google Pixel 9A 128GB Dual Sim, état neuf.;;Téléphonie;299.9;299,90 CHF;0
5077;https://fastcash-geneve.ch/img/p/5/5/8/2/5582-small_default.jpg;Nothing A2 Plus 256GB 12GB Dual Sim;;Téléphonie;199.9;199,90 CHF;0
5076;https://fastcash-geneve.ch/img/p/5/5/7/9/5579-small_default.jpg;Apple MacBook Pro 14 M4 Pro 512GB 24GB 12/16 produit neuf garantie 2 ans.;;Informatique;1499.9;1 499,90 CHF;0
5075;https://fastcash-geneve.ch/img/p/5/5/7/7/5577-small_default.jpg;Pantalon de jogging Gucci XL;;Luxe;499.9;499,90 CHF;1
5074;https://fastcash-geneve.ch/img/p/5/5/7/6/5576-small_default.jpg;Veste de jogging Gucci taille Xl;;Luxe;499.9;499,90 CHF;1
5073;https://fastcash-geneve.ch/img/p/5/5/7/0/5570-small_default.jpg;Sneaker Louboutin P41-42;;Luxe;399.9;399,90 CHF;0
5072;https://fastcash-geneve.ch/img/p/5/5/6/4/5564-small_default.jpg;Mocassin Louis Vuitton Driver P41, état neuf.;;Luxe;499.9;499,90 CHF;0
5071;https://fastcash-geneve.ch/img/p/5/5/6/0/5560-small_default.jpg;Sneaker Givenchy P41;;Luxe;249.9;249,90 CHF;1
5070;https://fastcash-geneve.ch/img/p/5/5/5/7/5557-small_default.jpg;Ceinture Gucci taille 100. Etat neuf.;;Luxe;329.9;329,90 CHF;1
5069;https://fastcash-geneve.ch/img/p/5/5/5/4/5554-small_default.jpg;Porte Passeport Montblanc en cuir.;;Luxe;199.9;199,90 CHF;1
5068;https://fastcash-geneve.ch/img/p/5/5/5/2/5552-small_default.jpg;Louis Vuitton Keepall 45 toile monogram.;;Luxe;799.9;799,90 CHF;0
5067;https://fastcash-geneve.ch/img/p/5/5/4/9/5549-small_default.jpg;Samsung Galaxy S25 Ultra 5G 256GB Etat neuf.;;Téléphonie;799.9;799,90 CHF;0
5066;https://fastcash-geneve.ch/img/p/5/5/4/5/5545-small_default.jpg;Sony FE 16-35 F2.8 GM;;Image&Son;1199.9;1 199,90 CHF;0
5065;https://fastcash-geneve.ch/img/p/5/5/3/8/5538-small_default.jpg;Caméra Sony FX3 Cinéma Line, Full Frame,  vendu avec 3 batteries, le chargeur et le carton.;;Image&Son;3299.9;3 299,90 CHF;0
5064;https://fastcash-geneve.ch/img/p/5/5/3/6/5536-small_default.jpg;JBL CLIP 5;;Image&Son;39.9;39,90 CHF;0
5063;https://fastcash-geneve.ch/img/p/5/5/3/2/5532-small_default.jpg;Olympus OM-D E-M5 avec 14-42mm;;Image&Son;399.9;399,90 CHF;1
5062;https://fastcash-geneve.ch/img/p/5/5/2/8/5528-small_default.jpg;Porte cartes Louis Vuitton cuir monogram.;;Luxe;399.9;399,90 CHF;1
5061;https://fastcash-geneve.ch/img/p/5/5/2/5/5525-small_default.jpg;JBL GO 3;;Image&Son;25.9;25,90 CHF;1
5060;https://fastcash-geneve.ch/img/p/5/5/1/9/5519-small_default.jpg;Louis Vuitton Melville toile damier ébène.;;Luxe;699.9;699,90 CHF;0
5059;https://fastcash-geneve.ch/img/p/fr-default-small_default.jpg;N/D;;Accueil;0.0;0,00 CHF;0
5058;https://fastcash-geneve.ch/img/p/5/5/1/5/5515-small_default.jpg;Lunettes de soleil Christian Dior 180.;;Luxe;229.9;229,90 CHF;0
5057;https://fastcash-geneve.ch/img/p/5/5/1/1/5511-small_default.jpg;Sneaker Fendi Camouflage avec boite et facture.;;Luxe;299.9;299,90 CHF;0
5056;https://fastcash-geneve.ch/img/p/fr-default-small_default.jpg;N/D;;Accueil;0.0;0,00 CHF;0
5055;https://fastcash-geneve.ch/img/p/5/5/0/9/5509-small_default.jpg;Apple IPhone 16E 256GB Noir, Etat neuf, Garantie 2 ans.;;Téléphonie;579.9;579,90 CHF;0
5054;https://fastcash-geneve.ch/img/p/5/5/0/7/5507-small_default.jpg;Apple IPad Pro 13 M4 256GB Wifi 5G batterie 12 cycles, états neuf, garantie Apple.;;Informatique;1099.9;1 099,90 CHF;0
5052;https://fastcash-geneve.ch/img/p/5/5/0/4/5504-small_default.jpg;Tee Shirt Essentials taille L Oversize.;;Luxe;89.9;89,90 CHF;1
5051;https://fastcash-geneve.ch/img/p/5/5/0/3/5503-small_default.jpg;Samsung Galaxy Watch 7 40MM GPS LTE Etat neuf.;;Téléphonie;139.9;139,90 CHF;1
5048;https://fastcash-geneve.ch/img/p/5/4/9/7/5497-small_default.jpg;Balenciaga Tyrex P44;;Luxe;399.9;399,90 CHF;0
5047;https://fastcash-geneve.ch/img/p/5/4/9/2/5492-small_default.jpg;Valentino Rockstud 11 P37. État neuf.;;Luxe;329.9;329,90 CHF;1
5046;https://fastcash-geneve.ch/img/p/5/4/8/8/5488-small_default.jpg;Sac ceinture Gucci GG.;;Luxe;599.9;599,90 CHF;2
5045;https://fastcash-geneve.ch/img/p/5/4/8/5/5485-small_default.jpg;Lunettes de soleil Cartier.;;Luxe;149.9;149,90 CHF;1
5043;https://fastcash-geneve.ch/img/p/5/4/8/3/5483-small_default.jpg;Apple IPhone 16 128GB Noir, neuf, scellé, garantie 2 ans.;;Téléphonie;599.9;599,90 CHF;0
5041;https://fastcash-geneve.ch/img/p/5/4/8/0/5480-small_default.jpg;Enregistreur Atomos Ninja V, 2 batteries. État neuf.;;Image&Son;399.9;399,90 CHF;0
5040;https://fastcash-geneve.ch/img/p/5/4/7/6/5476-small_default.jpg;Casquette Fendi Croco. Taille L.;;Luxe;299.9;299,90 CHF;1
5039;https://fastcash-geneve.ch/img/p/5/4/7/3/5473-small_default.jpg;Bob Louis Vuitton Colormania, taille M-L. Etat neuf.;;Luxe;429.9;429,90 CHF;1
5036;https://fastcash-geneve.ch/img/p/5/4/6/7/5467-small_default.jpg;Breitling Navitimer AB0121 Automatic, full set, garantie Breitling 10.2026;;Luxe;3999.9;3 999,90 CHF;0
5035;https://fastcash-geneve.ch/img/p/5/4/6/0/5460-small_default.jpg;Tudor Black Bay 58 Ref: 79010SG. Full Set.;;Luxe;2399.9;2 399,90 CHF;0
5034;https://fastcash-geneve.ch/img/p/5/4/5/7/5457-small_default.jpg;Messika Move Uno Pavee taille 52. Prix neuf: 1650.-;;Luxe;999.9;999,90 CHF;0
5033;https://fastcash-geneve.ch/img/p/5/4/5/1/5451-small_default.jpg;Tag Heuer Aquaracer Lady 36 Index en diamants.;;Luxe;1399.9;1 399,90 CHF;1
5032;https://fastcash-geneve.ch/img/p/5/4/4/2/5442-small_default.jpg;Briquet Cartier Vintage, full set.;;Luxe;229.9;229,90 CHF;1
5031;https://fastcash-geneve.ch/img/p/5/4/3/9/5439-small_default.jpg;Swatch X Omega Mission To Uranus.;;Luxe;199.9;199,90 CHF;0
5030;https://fastcash-geneve.ch/img/p/5/4/3/7/5437-small_default.jpg;Apple IPad 8TH 32GB Wifi Gris Sidéral.;;Informatique;199.9;199,90 CHF;0
5029;https://fastcash-geneve.ch/img/p/5/4/3/3/5433-small_default.jpg;Peluche Dior Baby toile de jour. Etat neuf. Prix boutique 2599.-;;Luxe;799.9;799,90 CHF;1
5028;https://fastcash-geneve.ch/img/p/5/4/2/9/5429-small_default.jpg;Louis Vuitton Match UP P42. État neuf.;;Chaussures;479.9;479,90 CHF;1
5027;https://fastcash-geneve.ch/img/p/5/4/2/4/5424-small_default.jpg;Ceinture Louis Vuitton LV Initial T95. État neuf.;;Luxe;379.9;379,90 CHF;0
5026;https://fastcash-geneve.ch/img/p/5/4/2/0/5420-small_default.jpg;N/D;;Accueil;0.0;0,00 CHF;0
5025;https://fastcash-geneve.ch/img/p/fr-default-small_default.jpg;N/D;;Accueil;0.0;0,00 CHF;0
5024;https://fastcash-geneve.ch/img/p/5/4/1/6/5416-small_default.jpg;Casquette Gucci taille xl. Etat neuf, avec facture.;;Luxe;369.9;369,90 CHF;0
5023;https://fastcash-geneve.ch/img/p/5/4/1/5/5415-small_default.jpg;Apple AirTag X4. Produit neuf.;;Informatique;69.9;69,90 CHF;0
5022;https://fastcash-geneve.ch/img/p/5/4/1/4/5414-small_default.jpg;Apple Pencil Pro. Produit neuf.;;Informatique;99.9;99,90 CHF;0
5021;https://fastcash-geneve.ch/img/p/5/4/1/2/5412-small_default.jpg;Sonos ACE Blanc, produit neuf scellé.;;Image&Son;259.9;259,90 CHF;0
5020;https://fastcash-geneve.ch/img/p/fr-default-small_default.jpg;N/D;;Accueil;0.0;0,00 CHF;0
5019;https://fastcash-geneve.ch/img/p/5/4/1/1/5411-small_default.jpg;Samsung Galaxy S25 256GB Dual Sim Silver Shadow. Produit neuf scellé.;;Téléphonie;599.9;599,90 CHF;0
5017;https://fastcash-geneve.ch/img/p/5/4/0/8/5408-small_default.jpg;Porte clés Louis Vuitton, produit neuf.;;Luxe;199.9;199,90 CHF;0
5016;https://fastcash-geneve.ch/img/p/5/4/0/7/5407-small_default.jpg;Lunettes de soleil Prada.;;Luxe;139.9;139,90 CHF;1
5015;https://fastcash-geneve.ch/img/p/5/4/0/4/5404-small_default.jpg;Beats Studio Buds. Produit neuf.;;Image&Son;99.9;99,90 CHF;1
5014;https://fastcash-geneve.ch/img/p/5/4/0/3/5403-small_default.jpg;Apple AirPods Serie 4. Produit neuf.;;Image&Son;99.9;99,90 CHF;0
5013;https://fastcash-geneve.ch/img/p/5/4/0/2/5402-small_default.jpg;Beats Fit Pro, produit neuf.;;Image&Son;139.9;139,90 CHF;1
5012;https://fastcash-geneve.ch/img/p/5/4/0/1/5401-small_default.jpg;Sony PlayStation Portal. Produit neuf.;;Consoles, Jeux Vidéo;169.9;169,90 CHF;-1
5011;https://fastcash-geneve.ch/img/p/5/3/9/9/5399-small_default.jpg;Apple MacBook Air 13 M3 2024 256GB 8GB Garantie Apple 6 Mois. Batterie 4 cycles.;;Informatique;659.9;659,90 CHF;0
5010;https://fastcash-geneve.ch/img/p/5/3/9/2/5392-small_default.jpg;Cave à Cigare Raffi Siglo 21 Elie Blue. Prix neuf: 45 000.-;;Luxe;5999.9;5 999,90 CHF;1
5009;https://fastcash-geneve.ch/img/p/5/3/8/4/5384-small_default.jpg;Cave à cigare Elie Bleu Raffi Geneve. Prix neuf 25 000.-;;Luxe;3999.9;3 999,90 CHF;1
5008;https://fastcash-geneve.ch/img/p/fr-default-small_default.jpg;N/D;;Accueil;0.0;0,00 CHF;0
5007;https://fastcash-geneve.ch/img/p/5/3/8/0/5380-small_default.jpg;Cave à cigare Partagas Flor De Tabacos.;;Luxe;2999.9;2 999,90 CHF;1
5006;https://fastcash-geneve.ch/img/p/5/3/7/8/5378-small_default.jpg;Apple TV 4K Wifi Ethernet 128GB, produit neuf.;;Image&Son;139.9;139,90 CHF;0
5004;https://fastcash-geneve.ch/img/p/5/3/7/5/5375-small_default.jpg;Disque Dur Externe WD My Passport 2TB. Produit neuf.;;Informatique;79.9;79,90 CHF;-1
5003;https://fastcash-geneve.ch/img/p/5/3/7/4/5374-small_default.jpg;N/D;;Accueil;0.0;0,00 CHF;0
5002;https://fastcash-geneve.ch/img/p/5/3/7/3/5373-small_default.jpg;Souris gamer Razer Basilisk V3 Pro. Produit neuf.;;Informatique;89.9;89,90 CHF;1
5001;https://fastcash-geneve.ch/img/p/fr-default-small_default.jpg;N/D;;Accueil;0.0;0,00 CHF;0
4999;https://fastcash-geneve.ch/img/p/5/3/6/8/5368-small_default.jpg;Sneakers Dior B30 P43;;Luxe;539.9;539,90 CHF;0
4998;https://fastcash-geneve.ch/img/p/5/3/6/6/5366-small_default.jpg;Samsung Galaxy Watch 6 44MM GPS;;Téléphonie;149.9;149,90 CHF;1
4997;https://fastcash-geneve.ch/img/p/5/3/6/3/5363-small_default.jpg;Sac bandoulière Gucci Dionysus.;;Luxe;599.9;599,90 CHF;1
4996;https://fastcash-geneve.ch/img/p/5/3/6/0/5360-small_default.jpg;Mini JBL, état neuf.;;Image&Son;69.9;69,90 CHF;1
4993;https://fastcash-geneve.ch/img/p/5/3/4/9/5349-small_default.jpg;Louis Vuitton Alma BB Toile Damier Ebene, Etat neuf, bandoulière boite facture de 2024 et dust bag.;;Luxe;1199.9;1 199,90 CHF;0
4992;https://fastcash-geneve.ch/img/p/5/3/4/7/5347-small_default.jpg;Broche Saint Laurent, état neuf.;;Luxe;299.9;299,90 CHF;0
4991;https://fastcash-geneve.ch/img/p/5/3/4/4/5344-small_default.jpg;Lunettes de soleil Coach, état neuf.;;Luxe;149.9;149,90 CHF;1
4990;https://fastcash-geneve.ch/img/p/5/3/4/1/5341-small_default.jpg;Sneaker Louis Vuitton Luxembourg P42 Cuir Empreinte.;;Luxe;279.9;279,90 CHF;1
4989;https://fastcash-geneve.ch/img/p/5/3/3/7/5337-small_default.jpg;Mules plateforme Gucci P38;;Luxe;399.9;399,90 CHF;0
4988;https://fastcash-geneve.ch/img/p/5/3/3/1/5331-small_default.jpg;Louis Vuitton Trainer P38, état neuf avec boite et facture.;;Luxe;799.9;799,90 CHF;0
4987;https://fastcash-geneve.ch/img/p/5/3/2/6/5326-small_default.jpg;Louis Vuitton Ranger P41 Etat neuf.;;Luxe;899.9;899,90 CHF;0
4986;https://fastcash-geneve.ch/img/p/5/3/2/4/5324-small_default.jpg;Apple IPhone 16 128GB Produit neuf scellé garantie 2 ans.;;Téléphonie;599.9;599,90 CHF;0
4984;https://fastcash-geneve.ch/img/p/fr-default-small_default.jpg;N/D;;Accueil;0.0;0,00 CHF;0
4983;https://fastcash-geneve.ch/img/p/5/3/2/2/5322-small_default.jpg;Apple IPad Pro 12.9 4 Gen, Wifi, 256GB;;Informatique;499.9;499,90 CHF;1
4982;https://fastcash-geneve.ch/img/p/5/3/1/9/5319-small_default.jpg;Cendrier Patek Philippe, produit neuf.;;Luxe;299.9;299,90 CHF;1
4981;https://fastcash-geneve.ch/img/p/5/3/1/6/5316-small_default.jpg;Mini Sac à dos Karl Lagerfeld;;Luxe;129.9;129,90 CHF;0
4980;https://fastcash-geneve.ch/img/p/5/3/1/3/5313-small_default.jpg;Ceinture Louis Vuitton Pont Neuf T90, état neuf.;;Luxe;299.9;299,90 CHF;1
4979;https://fastcash-geneve.ch/img/p/fr-default-small_default.jpg;N/D;;Accueil;0.0;0,00 CHF;0
4978;https://fastcash-geneve.ch/img/p/5/3/0/9/5309-small_default.jpg;Dior Triangle A5 Noir en Cuir.;;Luxe;799.9;799,90 CHF;0
4976;https://fastcash-geneve.ch/img/p/5/3/0/7/5307-small_default.jpg;Sony FE 24-105;;Image&Son;599.9;599,90 CHF;0
4975;https://fastcash-geneve.ch/img/p/5/3/0/2/5302-small_default.jpg;Sony Caméra FX30 Cinéma Line. Etat neuf.;;Image&Son;1399.9;1 399,90 CHF;0
4973;https://fastcash-geneve.ch/img/p/5/3/0/0/5300-small_default.jpg;FC25 PS5, produit neuf.;;Consoles, Jeux Vidéo;39.9;39,90 CHF;3
4972;https://fastcash-geneve.ch/img/p/5/2/9/6/5296-small_default.jpg;Vorwerk Thermomix TM6-1 avec accessoires.;;Bonnes Affaires;699.9;699,90 CHF;0
4971;https://fastcash-geneve.ch/img/p/5/2/9/5/5295-small_default.jpg;Apple MacBook Pro 2015 Intel I5 2.9GHZ 8GB 500GB;;Informatique;349.9;349,90 CHF;0
4970;https://fastcash-geneve.ch/img/p/5/2/9/2/5292-small_default.jpg;Apple MacBook Air M3 2024, 16GB 256GB, Garantie 01.2027;;Informatique;599.9;599,90 CHF;-1
4969;https://fastcash-geneve.ch/img/p/5/2/8/9/5289-small_default.jpg;Samsung Galaxy Watch 7 44MM GPS;;Montres connectées;139.9;139,90 CHF;0
4967;https://fastcash-geneve.ch/img/p/fr-default-small_default.jpg;N/D;;Accueil;0.0;0,00 CHF;0
4966;https://fastcash-geneve.ch/img/p/5/2/8/5/5285-small_default.jpg;Lunettes de soleil Cartier CT0331S Titanium.;;Luxe;599.9;599,90 CHF;0
4965;https://fastcash-geneve.ch/img/p/5/2/8/1/5281-small_default.jpg;Lunettes de soleil Jonh Dalia Scarlett 183.;;Luxe;429.9;429,90 CHF;1
4964;https://fastcash-geneve.ch/img/p/5/2/8/0/5280-small_default.jpg;Apple Magic Keyboard Folio IPad 11’’ état neuf.;;Informatique;179.9;179,90 CHF;0
4963;https://fastcash-geneve.ch/img/p/5/2/7/7/5277-small_default.jpg;Apple IPad 11 A16 2025 128GB Wifi, Etat neuf, Garantie Apple 03.26;;Informatique;229.9;229,90 CHF;0
4962;https://fastcash-geneve.ch/img/p/5/2/7/2/5272-small_default.jpg;Apple IPad Air 13 M3 2025 128GB Wifi Cellular. Garantie Apple 03.26;;Informatique;699.9;699,90 CHF;1
4961;https://fastcash-geneve.ch/img/p/5/2/6/9/5269-small_default.jpg;Samsung Galaxy Z Fold 5 512GB 5G Dual Sim;;Téléphonie;699.9;699,90 CHF;0
4959;https://fastcash-geneve.ch/img/p/5/2/6/4/5264-small_default.jpg;Lunettes de soleil Dolce Gabbana 2025, état neuf.;;Luxe;199.9;199,90 CHF;1
4958;https://fastcash-geneve.ch/img/p/5/2/5/9/5259-small_default.jpg;Panasonic Bridge DC-FZ82, Vidéo 4K, Zoom X60;;Image&Son;279.9;279,90 CHF;1
4957;https://fastcash-geneve.ch/img/p/5/2/5/7/5257-small_default.jpg;N/D;;Accueil;0.0;0,00 CHF;0
4956;https://fastcash-geneve.ch/img/p/5/2/5/3/5253-small_default.jpg;Bague en or 18K avec diamants, T54, 2.35Gr.;;Luxe;499.9;499,90 CHF;1
4955;https://fastcash-geneve.ch/img/p/5/2/5/1/5251-small_default.jpg;Bague en or 18K avec diamants, 3.28gr Taille 56;;Luxe;299.9;299,90 CHF;1
4954;https://fastcash-geneve.ch/img/p/5/2/4/8/5248-small_default.jpg;Collier et pendentif Adler en or 18K avec diamants, 6.28gr, 41cm.;;Luxe;899.9;899,90 CHF;1
4953;https://fastcash-geneve.ch/img/p/5/2/4/6/5246-small_default.jpg;Bracelet en or 18K 22cm 3.15 CM;;Luxe;239.9;239,90 CHF;0
4952;https://fastcash-geneve.ch/img/p/5/2/4/3/5243-small_default.jpg;Bracelet fantaisie Versace;;Luxe;119.9;119,90 CHF;1
4951;https://fastcash-geneve.ch/img/p/5/2/4/2/5242-small_default.jpg;Rolex Submariner No Date Ref: 124060, produit neuf, full set, garantie 5 ans.;;Luxe;11999.9;11 999,90 CHF;0
4950;https://fastcash-geneve.ch/img/p/5/2/3/1/5231-small_default.jpg;Cartier Tank Française Quartz Petit modèle.;;Luxe;1999.9;1 999,90 CHF;0
4949;https://fastcash-geneve.ch/img/p/5/2/2/8/5228-small_default.jpg;Lunettes de soleil Fred Force 10, état neuf.;;Luxe;499.9;499,90 CHF;1
4946;https://fastcash-geneve.ch/img/p/fr-default-small_default.jpg;N/D;;Accueil;0.0;0,00 CHF;0
4944;https://fastcash-geneve.ch/img/p/fr-default-small_default.jpg;N/D;;Accueil;0.0;0,00 CHF;0
4943;https://fastcash-geneve.ch/img/p/5/2/2/0/5220-small_default.jpg;Casque Audio filaire AKG K 240 MK II;;Image&Son;0.0;0,00 CHF;0
4942;https://fastcash-geneve.ch/img/p/5/2/1/8/5218-small_default.jpg;Micro avec filtre Elgato Wave 3.;;Image&Son;99.9;99,90 CHF;1
4941;https://fastcash-geneve.ch/img/p/fr-default-small_default.jpg;N/D;;Accueil;0.0;0,00 CHF;0
4940;https://fastcash-geneve.ch/img/p/5/2/1/1/5211-small_default.jpg;Raymond Weil Parsifal GMT Automatic.;;Luxe;599.9;599,90 CHF;1
4938;https://fastcash-geneve.ch/img/p/fr-default-small_default.jpg;N/D;;Accueil;0.0;0,00 CHF;0
4937;https://fastcash-geneve.ch/img/p/fr-default-small_default.jpg;N/D;;Accueil;0.0;0,00 CHF;0
4936;https://fastcash-geneve.ch/img/p/5/2/0/8/5208-small_default.jpg;Polo Versace taille S. Etat neuf.;;Luxe;179.9;179,90 CHF;0
4935;https://fastcash-geneve.ch/img/p/5/2/0/5/5205-small_default.jpg;Tee Shirt Prada taille L.;;Luxe;299.9;299,90 CHF;1
4934;https://fastcash-geneve.ch/img/p/5/2/0/4/5204-small_default.jpg;Polo Burberry taille M, état neuf.;;Luxe;159.9;159,90 CHF;1
4933;https://fastcash-geneve.ch/img/p/5/2/0/1/5201-small_default.jpg;Polo Louis Vuitton taille M, état neuf.;;Luxe;299.9;299,90 CHF;1
4932;https://fastcash-geneve.ch/img/p/fr-default-small_default.jpg;N/D;;Accueil;0.0;0,00 CHF;0
4931;https://fastcash-geneve.ch/img/p/5/1/9/8/5198-small_default.jpg;Chemise Alexander McQueen taille M, produit neuf.;;Luxe;99.9;99,90 CHF;1
4930;https://fastcash-geneve.ch/img/p/5/1/9/6/5196-small_default.jpg;Tee Shirt Valentino taille S.;;Luxe;79.9;79,90 CHF;1
4929;https://fastcash-geneve.ch/img/p/5/1/9/4/5194-small_default.jpg;Tee shirt Palm Angels taille M;;Luxe;149.9;149,90 CHF;1
4928;https://fastcash-geneve.ch/img/p/5/1/9/3/5193-small_default.jpg;Tee Shirt Amiri taille M;;Luxe;119.9;119,90 CHF;1
4927;https://fastcash-geneve.ch/img/p/5/1/9/2/5192-small_default.jpg;Tee Shirt Phillip Plein taille M.;;Luxe;99.9;99,90 CHF;1
4926;https://fastcash-geneve.ch/img/p/5/1/9/0/5190-small_default.jpg;Tee Shirt Givenchy Chien taille M Oversize.;;Luxe;149.9;149,90 CHF;1
4925;https://fastcash-geneve.ch/img/p/5/1/8/8/5188-small_default.jpg;Tee shirt Palm Angels taille L.;;Luxe;139.9;139,90 CHF;1
4924;https://fastcash-geneve.ch/img/p/5/1/8/7/5187-small_default.jpg;Tee Shirt Givenchy Singe Taille M.;;Luxe;149.9;149,90 CHF;1
4923;https://fastcash-geneve.ch/img/p/5/1/8/1/5181-small_default.jpg;Lunettes de soleil Prada SPR01V. Etat neuf.;;Luxe;199.9;199,90 CHF;2
4922;https://fastcash-geneve.ch/img/p/5/1/7/7/5177-small_default.jpg;Louis Vuitton Speedy 30 toile damier ébène. En très bon état, avec facture.;;Luxe;699.9;699,90 CHF;1
4921;https://fastcash-geneve.ch/img/p/5/1/7/2/5172-small_default.jpg;Sac Classic Panier Celine, état neuf, avec facture.;;Luxe;499.9;499,90 CHF;0
4920;https://fastcash-geneve.ch/img/p/5/1/6/5/5165-small_default.jpg;Chanel Timeless Classic Double Flap 25CM, avec facture et carte.;;Luxe;5999.9;5 999,90 CHF;0
4919;https://fastcash-geneve.ch/img/p/5/1/6/1/5161-small_default.jpg;Sony Alpha 7R IV Boîtier Nu, état neuf, 2965 déclenchements.;;Image&Son;1199.9;1 199,90 CHF;0
4918;https://fastcash-geneve.ch/img/p/5/1/5/6/5156-small_default.jpg;Apple IPad Pro 12.9 5Gen 512GB Wifi, problème d’écran sur le coté gauche.;;Informatique;499.9;499,90 CHF;1
4917;https://fastcash-geneve.ch/img/p/5/1/5/2/5152-small_default.jpg;Sneakers Dior B30 P42, état neuf avec facture;;Luxe;599.9;599,90 CHF;0
4916;https://fastcash-geneve.ch/img/p/5/1/4/8/5148-small_default.jpg;Gucci Tennis 1977 P43, état neuf.;;Luxe;349.9;349,90 CHF;1
4915;https://fastcash-geneve.ch/img/p/5/1/4/4/5144-small_default.jpg;Louis Vuitton Luxembourg P42, état parfait.;;Luxe;399.9;399,90 CHF;0
4914;https://fastcash-geneve.ch/img/p/5/1/4/1/5141-small_default.jpg;Couverture d’agenda Louis Vuitton toile damier azur, état neuf.;;Luxe;259.9;259,90 CHF;0
4913;https://fastcash-geneve.ch/img/p/5/1/3/8/5138-small_default.jpg;Porte Passeport Louis Vuitton Toile Damier Graphite.;;Luxe;229.9;229,90 CHF;1
4912;https://fastcash-geneve.ch/img/p/5/1/3/2/5132-small_default.jpg;Louis Vuitton Keepall bandoulière 55 toile monogram graphite.;;Luxe;1499.9;1 499,90 CHF;0
4910;https://fastcash-geneve.ch/img/p/5/1/2/5/5125-small_default.jpg;Lunettes de soleil Versace 4425U, état neuf, avec facture et étui.;;Luxe;199.9;199,90 CHF;1
4909;https://fastcash-geneve.ch/img/p/5/1/2/3/5123-small_default.jpg;Broche Chanel.;;Luxe;499.9;499,90 CHF;1
4908;https://fastcash-geneve.ch/img/p/5/1/2/1/5121-small_default.jpg;Cendrier Hermes Braque Allemand. Etat neuf.;;Luxe;399.9;399,90 CHF;1
4907;https://fastcash-geneve.ch/img/p/5/1/1/8/5118-small_default.jpg;Apple MacBook Pro 14 2021 M1 Pro 16GB 1TB Batterie 240 cycles.;;Informatique;999.9;999,90 CHF;0
4904;https://fastcash-geneve.ch/img/p/5/1/0/7/5107-small_default.jpg;Sony Alpha 7 III avec 28-70. 22 800 déclenchements.;;Image&Son;699.9;699,90 CHF;0
4903;https://fastcash-geneve.ch/img/p/5/1/0/4/5104-small_default.jpg;Samsung Galaxy S25 5G 512GB Dual Sim, état neuf.;;Téléphonie;599.9;599,90 CHF;0
4901;https://fastcash-geneve.ch/img/p/5/1/0/0/5100-small_default.jpg;Apple IPhone XR 128GB Batterie 100%;;Accueil;199.9;199,90 CHF;1
4899;https://fastcash-geneve.ch/img/p/5/0/9/6/5096-small_default.jpg;Google Pixel 9 Pro 256GB 5G Dual Sim, produit neuf, garantie 2 ans.;;Téléphonie;699.9;699,90 CHF;0
4898;https://fastcash-geneve.ch/img/p/5/0/9/3/5093-small_default.jpg;Sneaker Gucci P41.;;Luxe;269.9;269,90 CHF;1
4896;https://fastcash-geneve.ch/img/p/fr-default-small_default.jpg;N/D;;Accueil;0.0;0,00 CHF;0
4895;https://fastcash-geneve.ch/img/p/5/0/8/8/5088-small_default.jpg;Parfum de peau Saint Laurent Libre L’eau Nue, 90ml. Produit neuf.;;Luxe;99.9;99,90 CHF;1
4894;https://fastcash-geneve.ch/img/p/5/0/8/5/5085-small_default.jpg;Pochette Louis Vuitton Cuir Épi noir.;;Luxe;359.9;359,90 CHF;1
4893;https://fastcash-geneve.ch/img/p/5/0/8/1/5081-small_default.jpg;Lenovo T14S Intel I7 13TH 1.8, 16GB 512GB Win 11.;;Informatique;599.9;599,90 CHF;0
4892;https://fastcash-geneve.ch/img/p/5/0/7/8/5078-small_default.jpg;Louis Vuitton Keepall 55 toile damier cobalt, vendu avec bandoulière et facture.;;Luxe;1499.9;1 499,90 CHF;0
4891;https://fastcash-geneve.ch/img/p/5/0/7/3/5073-small_default.jpg;Leica SL3 60.3MP Boîtier nu, état neuf.;;Image&Son;2999.9;2 999,90 CHF;3
4890;https://fastcash-geneve.ch/img/p/5/0/7/1/5071-small_default.jpg;Casque audio sans fil avec réduction de bruit, Sony WH-CH720N, état neuf.;;Image&Son;54.9;54,90 CHF;0
4889;https://fastcash-geneve.ch/img/p/5/0/6/8/5068-small_default.jpg;JBL PartyBox 310;;Audio;329.9;329,90 CHF;0
4888;https://fastcash-geneve.ch/img/p/5/0/6/7/5067-small_default.jpg;Samsung Galaxy Tab A 2016 16GB Wifi 3G;;Informatique;99.9;99,90 CHF;0
4887;https://fastcash-geneve.ch/img/p/5/0/6/5/5065-small_default.jpg;Lunettes de soleil Thom Browne, produit neuf.;;Luxe;299.9;299,90 CHF;1
4886;https://fastcash-geneve.ch/img/p/5/0/6/0/5060-small_default.jpg;Samsung Galaxy S25 256GB Dual Sim 5G, produit neuf scellé, garantie 2 ans.;;Téléphonie;599.9;599,90 CHF;0
4885;https://fastcash-geneve.ch/img/p/5/0/5/9/5059-small_default.jpg;Nintendo Gameboy Advance SP Tribal.;;Consoles, Jeux Vidéo;169.9;169,90 CHF;0
4884;https://fastcash-geneve.ch/img/p/5/0/5/5/5055-small_default.jpg;Nintendo Gameboy Advance, coque non originale.;;Consoles, Jeux Vidéo;99.9;99,90 CHF;1
4882;https://fastcash-geneve.ch/img/p/5/0/5/1/5051-small_default.jpg;Dell Latitude 7340 Intel I7 13TH 1.8GHZ 16GB 256GB SSD Win 11. Etat neuf.;;Informatique;649.9;649,90 CHF;1
4881;https://fastcash-geneve.ch/img/p/5/0/4/9/5049-small_default.jpg;Apple TV 3Gen 4K Wifi 64GB, produit neuf.;;Vidéo;119.9;119,90 CHF;0
4880;https://fastcash-geneve.ch/img/p/5/0/4/7/5047-small_default.jpg;Samsung Galaxy S23 FE 128GB Dual Sim.;;Téléphonie;259.9;259,90 CHF;0
4878;https://fastcash-geneve.ch/img/p/5/0/4/1/5041-small_default.jpg;N/D;;Accueil;0.0;0,00 CHF;0
4877;https://fastcash-geneve.ch/img/p/5/0/4/0/5040-small_default.jpg;Samsung Galaxy Z Fold 4 512GB Dual Sim 5G.;;Téléphonie;599.9;599,90 CHF;0
4876;https://fastcash-geneve.ch/img/p/fr-default-small_default.jpg;N/D;;Accueil;0.0;0,00 CHF;0
4875;https://fastcash-geneve.ch/img/p/5/0/3/1/5031-small_default.jpg;Lunettes de soleil Cartier CT00520, branche en bois, produit neuf, garantie 2 ans avec facture (3500.-);;Luxe;2599.9;2 599,90 CHF;0
4874;https://fastcash-geneve.ch/img/p/5/0/2/3/5023-small_default.jpg;N/D;;Accueil;0.0;0,00 CHF;0
4873;https://fastcash-geneve.ch/img/p/5/0/2/2/5022-small_default.jpg;Clavier Gamer Mécanique Ducky One 2 SF.;;Informatique;69.9;69,90 CHF;0
4872;https://fastcash-geneve.ch/img/p/5/0/2/0/5020-small_default.jpg;Souris filaire gamer Xtrfy.;;Informatique;49.9;49,90 CHF;1
4871;https://fastcash-geneve.ch/img/p/5/0/1/8/5018-small_default.jpg;Casquette Balenciaga taille L;;Luxe;199.9;199,90 CHF;1
4870;https://fastcash-geneve.ch/img/p/5/0/1/2/5012-small_default.jpg;Sac voyage en cuir Burberry avec bandouliere.;;Luxe;699.9;699,90 CHF;1
4869;https://fastcash-geneve.ch/img/p/5/0/0/9/5009-small_default.jpg;Apple AirPods Max Noir USB-C, état neuf, garantie Apple 12.25;;Image&Son;339.9;339,90 CHF;0
4868;https://fastcash-geneve.ch/img/p/fr-default-small_default.jpg;N/D;;Accueil;0.0;0,00 CHF;0
4867;https://fastcash-geneve.ch/img/p/5/0/0/6/5006-small_default.jpg;Boucle d’oreille Dinh Van en Or 18K avec diamants et certificat.;;Luxe;699.9;699,90 CHF;1
4866;https://fastcash-geneve.ch/img/p/5/0/0/3/5003-small_default.jpg;Bague en or 9K taille 50.;;Luxe;199.9;199,90 CHF;0
4865;https://fastcash-geneve.ch/img/p/4/9/9/8/4998-small_default.jpg;Seiko Mood Automatic;;Luxe;199.9;199,90 CHF;-1
4864;https://fastcash-geneve.ch/img/p/4/9/9/3/4993-small_default.jpg;Seiko Mood Automatic.;;Luxe;199.9;199,90 CHF;-1
4863;https://fastcash-geneve.ch/img/p/4/9/8/9/4989-small_default.jpg;Lunettes Cartier CT0550S. Produit neuf avec facture et garantie 2 ans.;;Luxe;999.9;999,90 CHF;0
4862;https://fastcash-geneve.ch/img/p/4/9/8/6/4986-small_default.jpg;Bracelet Bucherer en Or 18K.;;Luxe;399.9;399,90 CHF;1
4861;https://fastcash-geneve.ch/img/p/4/9/8/0/4980-small_default.jpg;Swatch X Omega Mission To Mars, full set.;;Luxe;199.9;199,90 CHF;1
4860;https://fastcash-geneve.ch/img/p/4/9/7/8/4978-small_default.jpg;HP OMEN VICTUS AMD Ryzen 5 AMD RX6500M 16GB 512GB;;Informatique;499.9;499,90 CHF;1
4859;https://fastcash-geneve.ch/img/p/fr-default-small_default.jpg;N/D;;Accueil;0.0;0,00 CHF;0
4858;https://fastcash-geneve.ch/img/p/4/9/7/6/4976-small_default.jpg;N/D;;Accueil;0.0;0,00 CHF;0
4857;https://fastcash-geneve.ch/img/p/4/9/7/3/4973-small_default.jpg;Playstation VR2;;Consoles, Jeux Vidéo;299.9;299,90 CHF;-1
4856;https://fastcash-geneve.ch/img/p/4/9/7/1/4971-small_default.jpg;Apple MacBook Air 2022 M2 8GB 256GB, Batterie 12 cycles.;;Informatique;599.9;599,90 CHF;0
4854;https://fastcash-geneve.ch/img/p/4/9/6/5/4965-small_default.jpg;N/D;;Accueil;0.0;0,00 CHF;0
4853;https://fastcash-geneve.ch/img/p/4/9/6/2/4962-small_default.jpg;Dyson Supersonic HD07. Produit neuf.;;Accessoires;319.9;319,90 CHF;0
4852;https://fastcash-geneve.ch/img/p/fr-default-small_default.jpg;N/D;;Accueil;0.0;0,00 CHF;0
4851;https://fastcash-geneve.ch/img/p/4/9/5/9/4959-small_default.jpg;Dell Latitude 7310 Intel I5 10TH 2.1 GHZ 16GB Ram 512GB SSD Windows 11;;Informatique;299.9;299,90 CHF;0
4849;https://fastcash-geneve.ch/img/p/fr-default-small_default.jpg;N/D;;Accueil;0.0;0,00 CHF;0
4848;https://fastcash-geneve.ch/img/p/4/9/5/4/4954-small_default.jpg;Apple IPhone 13 128GB Batterie 88%;;Téléphonie;329.9;329,90 CHF;1
4846;https://fastcash-geneve.ch/img/p/fr-default-small_default.jpg;N/D;;Accueil;0.0;0,00 CHF;0
4845;https://fastcash-geneve.ch/img/p/4/9/4/8/4948-small_default.jpg;Lunettes de soleil Louis Vuitton.;;Luxe;299.9;299,90 CHF;0
4844;https://fastcash-geneve.ch/img/p/4/9/4/7/4947-small_default.jpg;Bougie Christian Dior Bois des Rêves. Produit neuf.;;Luxe;69.9;69,90 CHF;0
4843;https://fastcash-geneve.ch/img/p/4/9/4/4/4944-small_default.jpg;Porte cartes Louis Vuitton Eclipse. État neuf.;;Luxe;299.9;299,90 CHF;0
4842;https://fastcash-geneve.ch/img/p/4/9/4/3/4943-small_default.jpg;Luigi’s Mansion 3 Nintendo Switch.;;Consoles, Jeux Vidéo;34.9;34,90 CHF;0
4841;https://fastcash-geneve.ch/img/p/4/9/4/1/4941-small_default.jpg;JBL GO 4;;Image&Son;34.9;34,90 CHF;0
4840;https://fastcash-geneve.ch/img/p/4/9/3/9/4939-small_default.jpg;Samsung Galaxy S20 FE 5G Dual SIM 128GB. Produit neuf.;;Téléphonie;199.9;199,90 CHF;0
4839;https://fastcash-geneve.ch/img/p/4/9/3/8/4938-small_default.jpg;Samsung Galaxy S10E 128GB Dual Sim. Produit neuf.;;Téléphonie;149.9;149,90 CHF;0
4838;https://fastcash-geneve.ch/img/p/4/9/3/7/4937-small_default.jpg;Nintendo Switch 2, produit neuf.;;Consoles, Jeux Vidéo;429.9;429,90 CHF;0
4837;https://fastcash-geneve.ch/img/p/4/9/3/2/4932-small_default.jpg;Louis Vuitton Geronimo toile damier ébène. Etat neuf.;;Luxe;699.9;699,90 CHF;0
4836;https://fastcash-geneve.ch/img/p/4/9/3/0/4930-small_default.jpg;Apple IPhone 11 64GB batterie 100%;;Téléphonie;149.9;149,90 CHF;1
4834;https://fastcash-geneve.ch/img/p/fr-default-small_default.jpg;N/D;;Accueil;0.0;0,00 CHF;0
4833;https://fastcash-geneve.ch/img/p/4/9/2/7/4927-small_default.jpg;Écouteurs sans fil Sony 1000-XM5, produit neuf.;;Image&Son;149.9;149,90 CHF;1
4832;https://fastcash-geneve.ch/img/p/4/9/2/1/4921-small_default.jpg;Balenciaga Le Cagole, état neuf.;;Luxe;699.9;699,90 CHF;1
4831;https://fastcash-geneve.ch/img/p/4/9/1/8/4918-small_default.jpg;Figurine Dragonball Z, prix à l’unité, produit neuf.;;Consoles, Jeux Vidéo;35.9;35,90 CHF;1
4830;https://fastcash-geneve.ch/img/p/4/9/1/5/4915-small_default.jpg;Sac épaule Prada Re-Nylon;;Luxe;299.9;299,90 CHF;1
4829;https://fastcash-geneve.ch/img/p/4/9/1/2/4912-small_default.jpg;Balenciaga Speed P41;;Luxe;299.9;299,90 CHF;1
4828;https://fastcash-geneve.ch/img/p/4/9/0/7/4907-small_default.jpg;Sneaker montante en cuir Gucci, P38.;;Luxe;249.9;249,90 CHF;1
4827;https://fastcash-geneve.ch/img/p/4/9/0/4/4904-small_default.jpg;Sacoche en cuir Montblanc.;;Luxe;249.9;249,90 CHF;0
4826;https://fastcash-geneve.ch/img/p/4/9/0/2/4902-small_default.jpg;Porte cartes Dior Icon.;;Luxe;139.9;139,90 CHF;1
4825;https://fastcash-geneve.ch/img/p/4/9/0/1/4901-small_default.jpg;Samsung Galaxy Tab A 9 Plus 128GB avec coque de protection. Etat neuf.;;Informatique;149.9;149,90 CHF;0
4824;https://fastcash-geneve.ch/img/p/4/8/9/9/4899-small_default.jpg;Apple IPhone XR 64GB Batterie 88%;;Téléphonie;199.9;199,90 CHF;0
4823;https://fastcash-geneve.ch/img/p/4/8/9/7/4897-small_default.jpg;Apple IPad 9TH 64GB Wifi;;Informatique;199.9;199,90 CHF;0
4822;https://fastcash-geneve.ch/img/p/4/8/9/5/4895-small_default.jpg;Casque Audio sans fil Bang & Olufsen Beoplay H4 2ND RAF Camora Edition. Produit neuf.;;Image&Son;249.9;249,90 CHF;3
4821;https://fastcash-geneve.ch/img/p/4/8/9/1/4891-small_default.jpg;Chaussures à lacets Fendi Force P42. Avec facture.;;Luxe;499.9;499,90 CHF;0
4820;https://fastcash-geneve.ch/img/p/fr-default-small_default.jpg;N/D;;Accueil;0.0;0,00 CHF;0
4819;https://fastcash-geneve.ch/img/p/4/8/8/8/4888-small_default.jpg;Gillet Dior Zipped Hoodies XXL, neuf, avec facture.;;Luxe;799.9;799,90 CHF;0
4818;https://fastcash-geneve.ch/img/p/4/8/8/3/4883-small_default.jpg;Sneaker Louis Vuitton LV Trainer P43. Etat neuf, avec facture.;;Luxe;799.9;799,90 CHF;0
4817;https://fastcash-geneve.ch/img/p/4/8/8/2/4882-small_default.jpg;Sneaker Alexander McQueen Noir Argentée, P44, état neuf.;;Luxe;319.9;319,90 CHF;1
4816;https://fastcash-geneve.ch/img/p/4/8/7/4/4874-small_default.jpg;Casquette Gucci taille M.;;Luxe;200.0;200,00 CHF;0
4815;https://fastcash-geneve.ch/img/p/4/8/7/3/4873-small_default.jpg;Apple HomePod 2gen. Produit neuf scellé.;;Image&Son;229.9;229,90 CHF;0
4814;https://fastcash-geneve.ch/img/p/fr-default-small_default.jpg;N/D;;Accueil;0.0;0,00 CHF;0
4813;https://fastcash-geneve.ch/img/p/4/8/7/1/4871-small_default.jpg;Haut parleur wifi Bang&Olufsen Beoplay M3.;;Image&Son;199.9;199,90 CHF;0
4812;https://fastcash-geneve.ch/img/p/4/8/6/9/4869-small_default.jpg;DJI Mavic 3 Mini. Produit neuf.;;Image&Son;279.9;279,90 CHF;0
4811;https://fastcash-geneve.ch/img/p/4/8/6/6/4866-small_default.jpg;Samsung Galaxy Z Fold 5 512GB 5G Dual Sim.;;Téléphonie;599.9;599,90 CHF;0
4809;https://fastcash-geneve.ch/img/p/fr-default-small_default.jpg;N/D;;Accueil;0.0;0,00 CHF;0
4808;https://fastcash-geneve.ch/img/p/4/8/6/0/4860-small_default.jpg;Lunettes de soleil Ray-Ban pour enfant.;;Luxe;69.9;69,90 CHF;1
4807;https://fastcash-geneve.ch/img/p/4/8/5/8/4858-small_default.jpg;Boutons de manchette Montblanc.;;Luxe;189.9;189,90 CHF;1
4806;https://fastcash-geneve.ch/img/p/4/8/5/5/4855-small_default.jpg;Porte Cartes Bally avec pince à billets.;;Luxe;139.9;139,90 CHF;1
4805;https://fastcash-geneve.ch/img/p/4/8/5/2/4852-small_default.jpg;Porte cartes Dolce Gabbana avec pince à billets.;;Luxe;149.9;149,90 CHF;1
4804;https://fastcash-geneve.ch/img/p/4/8/4/9/4849-small_default.jpg;Lunettes de soleil Fred, avec facture.;;Luxe;499.9;499,90 CHF;1
4803;https://fastcash-geneve.ch/img/p/4/8/4/5/4845-small_default.jpg;Gucci ACE Plateforme P38, état neuf, avec facture.;;Luxe;499.9;499,90 CHF;0
4802;https://fastcash-geneve.ch/img/p/4/8/3/7/4837-small_default.jpg;Sac épaule Gucci Dionysus MM Toile Suprême.;;Luxe;1249.9;1 249,90 CHF;1
4801;https://fastcash-geneve.ch/img/p/4/8/3/4/4834-small_default.jpg;Appareil Photo Reflex Sony Alpha 6000 avec 16-55. 1000 déclenchements.;;Image&Son;379.9;379,90 CHF;0
4800;https://fastcash-geneve.ch/img/p/4/8/3/2/4832-small_default.jpg;Objectif Sony E 55-210;;Image&Son;149.9;149,90 CHF;1
4798;https://fastcash-geneve.ch/img/p/4/8/2/7/4827-small_default.jpg;Apple IPhone 16 128GB Batterie 100%, Garantie Apple 1 an.;;Téléphonie;619.9;619,90 CHF;0
4797;https://fastcash-geneve.ch/img/p/4/8/2/1/4821-small_default.jpg;Balenciaga Triple S Red P42. État neuf.;;Luxe;449.9;449,90 CHF;1
4796;https://fastcash-geneve.ch/img/p/4/8/1/8/4818-small_default.jpg;Balenciaga Triple S P44;;Luxe;399.9;399,90 CHF;1
4795;https://fastcash-geneve.ch/img/p/4/8/1/6/4816-small_default.jpg;Samsung SmartTag 2, produit neuf.;;Téléphonie;39.9;39,90 CHF;-1
4794;https://fastcash-geneve.ch/img/p/4/8/1/5/4815-small_default.jpg;Apple AirPods Pro 2 USB-C, produit neuf. Garantie 2 ans.;;Téléphonie;169.9;169,90 CHF;2
4793;https://fastcash-geneve.ch/img/p/4/8/1/4/4814-small_default.jpg;Caméra Insta360 X5 8K, produit neuf.;;Image&Son;499.9;499,90 CHF;0
4792;https://fastcash-geneve.ch/img/p/4/8/1/3/4813-small_default.jpg;Console Nintendo Switch Lite, produit neuf.;;Consoles, Jeux Vidéo;119.9;119,90 CHF;0
4791;https://fastcash-geneve.ch/img/p/4/8/0/7/4807-small_default.jpg;Gucci Dionysus bandouliere.;;Luxe;699.9;699,90 CHF;0
4790;https://fastcash-geneve.ch/img/p/4/8/0/3/4803-small_default.jpg;Louis Vuitton City Steamer MM avec bandoulière et facture.;;Luxe;1399.9;1 399,90 CHF;0
4789;https://fastcash-geneve.ch/img/p/4/8/0/0/4800-small_default.jpg;Lunettes de soleil Givenchy 7123;;Luxe;169.9;169,90 CHF;1
4788;https://fastcash-geneve.ch/img/p/4/7/9/6/4796-small_default.jpg;Escarpins Dolce Gabbana P38.;;Luxe;199.9;199,90 CHF;1
4787;https://fastcash-geneve.ch/img/p/4/7/9/0/4790-small_default.jpg;Balenciaga Triple S P42. Etat Neuf.;;Luxe;399.9;399,90 CHF;1
4786;https://fastcash-geneve.ch/img/p/4/7/8/6/4786-small_default.jpg;Balenciaga Triple S P44.;;Luxe;399.9;399,90 CHF;1
4761;https://fastcash-geneve.ch/img/p/4/7/5/8/4758-small_default.jpg;Porte documents Montblanc.;;Luxe;299.9;299,90 CHF;1
4756;https://fastcash-geneve.ch/img/p/4/7/5/2/4752-small_default.jpg;Sigma Canon 70-200 2.8 DG HSM;;Image&Son;599.9;599,90 CHF;1
4750;https://fastcash-geneve.ch/img/p/4/7/4/9/4749-small_default.jpg;Samsung Book Cover Keyboard Tab S9 Tab S9 FE;;Informatique;89.9;89,90 CHF;1
4744;https://fastcash-geneve.ch/img/p/4/7/4/3/4743-small_default.jpg;Xiaomi TV Stick 4k.;;Image&Son;39.9;39,90 CHF;1
4741;https://fastcash-geneve.ch/img/p/4/7/4/0/4740-small_default.jpg;Arlo Essential Outdoor Caméra 2k. Produit neuf.;;Image&Son;99.9;99,90 CHF;0
4739;https://fastcash-geneve.ch/img/p/4/7/3/8/4738-small_default.jpg;Microsoft Surface Pro 5 Intel I5 7300 8GB 256GB;;Informatique;199.9;199,90 CHF;1
4734;https://fastcash-geneve.ch/img/p/4/7/3/3/4733-small_default.jpg;Tee shirt Dior CD Icon taille XL avec facture.;;Luxe;399.9;399,90 CHF;0
4720;https://fastcash-geneve.ch/img/p/4/7/1/9/4719-small_default.jpg;Powerbank 5000MAH compatible MagSafe.;;Téléphonie;29.9;29,90 CHF;8
4718;https://fastcash-geneve.ch/img/p/4/7/1/7/4717-small_default.jpg;Powerbank Veger 10 000MAH, produit neuf.;;Téléphonie;34.9;34,90 CHF;8
4716;https://fastcash-geneve.ch/img/p/4/7/1/5/4715-small_default.jpg;Powerbank Veger 20 000MAH, produit neuf.;;Téléphonie;44.9;44,90 CHF;7
4714;https://fastcash-geneve.ch/img/p/4/7/1/3/4713-small_default.jpg;Powerbank Pour Apple Watch.;;Téléphonie;24.9;24,90 CHF;5
4709;https://fastcash-geneve.ch/img/p/4/7/0/7/4707-small_default.jpg;Mini Smartphone Palm Android;;Téléphonie;229.9;229,90 CHF;0
4706;https://fastcash-geneve.ch/img/p/4/7/0/5/4705-small_default.jpg;Apple IPhone 12 Pro Max 128GB Gold Batterie 100%;;Téléphonie;449.9;449,90 CHF;1
4701;https://fastcash-geneve.ch/img/p/4/7/0/0/4700-small_default.jpg;Apple IPhone 14 Pro 128GB Batterie 100%;;Téléphonie;539.9;539,90 CHF;1
4687;https://fastcash-geneve.ch/img/p/4/6/8/5/4685-small_default.jpg;Pull à capuche Amiri taille M;;Luxe;349.9;349,90 CHF;1
4684;https://fastcash-geneve.ch/img/p/4/6/8/3/4683-small_default.jpg;Tee Shirt Palm Angels taille M Oversize.;;Luxe;139.9;139,90 CHF;0
4681;https://fastcash-geneve.ch/img/p/4/6/7/9/4679-small_default.jpg;Tee Shirt Amiri taille M.;;Luxe;179.9;179,90 CHF;1
4678;https://fastcash-geneve.ch/img/p/4/6/7/5/4675-small_default.jpg;Tee Shirt Alexander McQueen taille M.;;Luxe;199.9;199,90 CHF;1
4653;https://fastcash-geneve.ch/img/p/4/6/5/1/4651-small_default.jpg;Asus K3605Z Intel I7 12TH 16GB 512GB RTX4060, clavier AZERTY;;Informatique;599.9;599,90 CHF;0
4649;https://fastcash-geneve.ch/img/p/4/6/4/5/4645-small_default.jpg;Casquette Gucci GG Jumbo taille S, avec facture.;;Luxe;299.9;299,90 CHF;0
4644;https://fastcash-geneve.ch/img/p/4/6/4/3/4643-small_default.jpg;FC25 PS5, produit neuf.;;Consoles, Jeux Vidéo;49.9;49,90 CHF;1
4629;https://fastcash-geneve.ch/img/p/4/6/2/8/4628-small_default.jpg;SSD Samsung 870 QVO 4TB, produit neuf.;;Informatique;179.9;179,90 CHF;0
4627;https://fastcash-geneve.ch/img/p/4/6/2/5/4625-small_default.jpg;Porte Carte Louis Vuitton Suprême, édition limitée.;;Luxe;899.9;899,90 CHF;1
4620;https://fastcash-geneve.ch/img/p/4/6/1/9/4619-small_default.jpg;Jeu PS5;;Consoles, Jeux Vidéo;25.0;25,00 CHF;1
4611;https://fastcash-geneve.ch/img/p/4/6/0/7/4607-small_default.jpg;Apple Watch 10 46MM GPS Garantie Apple 1 an;;Montres;219.9;219,90 CHF;0
4606;https://fastcash-geneve.ch/img/p/4/6/0/2/4602-small_default.jpg;Go Pro Hero 9 Black Edition.;;Image&Son;139.9;139,90 CHF;1
4593;https://fastcash-geneve.ch/img/p/4/5/8/8/4588-small_default.jpg;Dior Ladies Watch Diamants, prix neuf 6000.-;;Luxe;2999.9;2 999,90 CHF;0
4587;https://fastcash-geneve.ch/img/p/4/5/8/3/4583-small_default.jpg;Tissot PRX Automatic Chronograph, full set, état neuf;;Luxe;999.9;999,90 CHF;0
4574;https://fastcash-geneve.ch/img/p/4/5/7/3/4573-small_default.jpg;Sandale Hermes Legend P39 en cuir.;;Luxe;329.9;329,90 CHF;-1
4554;https://fastcash-geneve.ch/img/p/4/5/5/2/4552-small_default.jpg;Lunettes de soleil Prada SPR06Y;;Luxe;199.9;199,90 CHF;1
4536;https://fastcash-geneve.ch/img/p/4/5/3/5/4535-small_default.jpg;Eau de parfum intense 100ml Scandal. Produit neuf.;;Luxe;99.9;99,90 CHF;1
4534;https://fastcash-geneve.ch/img/p/4/5/3/3/4533-small_default.jpg;Chanel Coco Mademoiselle Eau de parfum 100ML. Produit neuf.;;Luxe;99.9;99,90 CHF;0
4532;https://fastcash-geneve.ch/img/p/4/5/3/0/4530-small_default.jpg;Sandale Dior Alias Cuir Gravity Noir, P41-42, Etat neuf.;;Luxe;449.9;449,90 CHF;0
4510;https://fastcash-geneve.ch/img/p/4/5/1/5/4515-small_default.jpg;Sac Cabas Versace La Médusa, avec facture.;;Luxe;799.9;799,90 CHF;1
4502;https://fastcash-geneve.ch/img/p/4/5/0/1/4501-small_default.jpg;Écouteurs sans fil Beats Fit Pro, produit neuf.;;Image&Son;149.9;149,90 CHF;1
4500;https://fastcash-geneve.ch/img/p/4/4/9/8/4498-small_default.jpg;Apple IPhone 13 128GB Batterie 97%;;Téléphonie;419.9;419,90 CHF;1
4497;https://fastcash-geneve.ch/img/p/4/4/9/4/4494-small_default.jpg;Apple IPhone 16 128GB Produit neuf garantie 2 ans.;;Téléphonie;649.9;649,90 CHF;0
4493;https://fastcash-geneve.ch/img/p/4/4/9/2/4492-small_default.jpg;Canon 24-105 F4-7.1 STM;;Image&Son;239.9;239,90 CHF;1
4491;https://fastcash-geneve.ch/img/p/4/4/9/0/4490-small_default.jpg;Fujifilm Fujinon 23MM F1.4;;Image&Son;449.9;449,90 CHF;0
4488;https://fastcash-geneve.ch/img/p/4/4/8/7/4487-small_default.jpg;Fujifilm Fujinon 90MM F1.2 LM;;Image&Son;499.9;499,90 CHF;0
4485;https://fastcash-geneve.ch/img/p/4/4/8/3/4483-small_default.jpg;Canon 60MM F2.8 ultrasonic;;Image&Son;189.9;189,90 CHF;1
4481;https://fastcash-geneve.ch/img/p/4/4/7/9/4479-small_default.jpg;Nikon 35mm F1.8;;Image&Son;99.9;99,90 CHF;0
4478;https://fastcash-geneve.ch/img/p/4/4/7/7/4477-small_default.jpg;Sony 50MM F1.8, produit neuf.;;Image&Son;119.9;119,90 CHF;1
4476;https://fastcash-geneve.ch/img/p/4/4/7/5/4475-small_default.jpg;Canon 75-300;;Image&Son;129.9;129,90 CHF;0
4473;https://fastcash-geneve.ch/img/p/4/4/7/2/4472-small_default.jpg;Micro sans fil Sony ECM-AW3;;Image&Son;99.9;99,90 CHF;1
4471;https://fastcash-geneve.ch/img/p/4/4/6/9/4469-small_default.jpg;Fujifilm 10-24 F4;;Image&Son;499.9;499,90 CHF;0
4467;https://fastcash-geneve.ch/img/p/4/4/6/5/4465-small_default.jpg;Nikon 18-105 3.5-6.5;;Image&Son;119.9;119,90 CHF;0
4464;https://fastcash-geneve.ch/img/p/4/4/6/3/4463-small_default.jpg;Canon 17-55 F2.8 Ultrasonic;;Image&Son;349.9;349,90 CHF;1
4461;https://fastcash-geneve.ch/img/p/4/4/6/0/4460-small_default.jpg;Fujifilm 50-230 F4.5-6.7;;Image&Son;149.9;149,90 CHF;0
4452;https://fastcash-geneve.ch/img/p/4/4/5/0/4450-small_default.jpg;Portefeuille Tommy Hilfiger. Produit neuf.;;Luxe;59.9;59,90 CHF;1
4448;https://fastcash-geneve.ch/img/p/4/4/4/7/4447-small_default.jpg;Manette Playstation 5;;Consoles, Jeux Vidéo;49.9;49,90 CHF;-1
4446;https://fastcash-geneve.ch/img/p/4/4/4/4/4444-small_default.jpg;Sac ceinture Burberry 2025, état neuf.;;Luxe;599.9;599,90 CHF;1
4439;https://fastcash-geneve.ch/img/p/4/4/3/8/4438-small_default.jpg;Samsung Galaxy A16 128GB Etat neuf avec facture et garantie 2 ans.;;Téléphonie;149.9;149,90 CHF;0
4422;https://fastcash-geneve.ch/img/p/4/4/2/1/4421-small_default.jpg;Kit Photo Agfa Realishot VLG-4K produit neuf.;;Image&Son;119.9;119,90 CHF;1
4420;https://fastcash-geneve.ch/img/p/4/4/1/5/4415-small_default.jpg;Paul Hausmann Phase de Lune Automatic Glashutte;;Luxe;279.9;279,90 CHF;0
4414;https://fastcash-geneve.ch/img/p/4/4/1/0/4410-small_default.jpg;Montre Undone Automatic Edition limitée Popeye;;Luxe;299.9;299,90 CHF;1
4404;https://fastcash-geneve.ch/img/p/4/4/0/0/4400-small_default.jpg;Baume Mercier Capeland Automatic Flyback Chrono.;;Luxe;1999.9;1 999,90 CHF;1
4397;https://fastcash-geneve.ch/img/p/4/3/9/3/4393-small_default.jpg;Maurice Lacroix Aikon Limited Edition 44MM état neuf, full set.;;Luxe;1999.9;1 999,90 CHF;1
4390;https://fastcash-geneve.ch/img/p/4/3/8/8/4388-small_default.jpg;Bell&Ross BR05 GMT full set de 2024, garantie 4 ans.;;Luxe;3499.9;3 499,90 CHF;0
4380;https://fastcash-geneve.ch/img/p/4/3/7/8/4378-small_default.jpg;Lenovo T480S Intel I7 8TH 2.11 GHZ 16GB Ram 256GB SSD;;Informatique;249.9;249,90 CHF;1
4359;https://fastcash-geneve.ch/img/p/4/3/5/3/4353-small_default.jpg;Sac à main Louis Vuitton Montaigne Cuir Épi Noir.;;Luxe;549.9;549,90 CHF;1
4344;https://fastcash-geneve.ch/img/p/4/3/4/3/4343-small_default.jpg;Casque sans fil Sony WH-1000XM5. Produit neuf.;;Accessoires;199.9;199,90 CHF;0
4332;https://fastcash-geneve.ch/img/p/4/3/3/1/4331-small_default.jpg;Oppo Find N2 FliP 256GB Dual Sim, vendu dans l’état.;;Téléphonie;299.9;299,90 CHF;0
4327;https://fastcash-geneve.ch/img/p/4/3/2/5/4325-small_default.jpg;Lunettes de soleil Chopard Carbon Wood;;Luxe;299.9;299,90 CHF;1
4322;https://fastcash-geneve.ch/img/p/4/3/1/9/4319-small_default.jpg;Lunettes de soleil Ray-ban Justin Polarisé;;Luxe;119.9;119,90 CHF;1
4308;https://fastcash-geneve.ch/img/p/4/3/0/6/4306-small_default.jpg;Sac Louis Vuitton OnTheGo Kaki Beige, état neuf avec facture.;;Luxe;2999.9;2 999,90 CHF;0
4296;https://fastcash-geneve.ch/img/p/4/2/9/4/4294-small_default.jpg;Apple iPhone 12 64GB Batterie 96%;;Téléphonie;249.9;249,90 CHF;1
4293;https://fastcash-geneve.ch/img/p/4/2/9/2/4292-small_default.jpg;Huawei Sound Joy 2, produit neuf.;;Image&Son;79.9;79,90 CHF;2
4289;https://fastcash-geneve.ch/img/p/4/2/8/5/4285-small_default.jpg;Portefeuille Burberry Check état neuf.;;Luxe;239.9;239,90 CHF;0
4284;https://fastcash-geneve.ch/img/p/4/2/8/3/4283-small_default.jpg;Playstation Pulse Explore. Produit neuf.;;Consoles, Jeux Vidéo;139.9;139,90 CHF;-2
4281;https://fastcash-geneve.ch/img/p/4/2/7/8/4278-small_default.jpg;Tablette graphique XP-Pen Artist 22E Pro, état neuf.;;Informatique;339.9;339,90 CHF;1
4277;https://fastcash-geneve.ch/img/p/4/2/7/6/4276-small_default.jpg;Porte carte double Louis Vuitton.;;Luxe;189.9;189,90 CHF;1
4272;https://fastcash-geneve.ch/img/p/4/2/6/8/4268-small_default.jpg;Tudor Prince Oysterdate Self Rotor Vintage 36mm;;Luxe;2899.9;2 899,90 CHF;1
4266;https://fastcash-geneve.ch/img/p/4/2/6/2/4262-small_default.jpg;Tommy Hilfiger Quartz;;Luxe;149.9;149,90 CHF;1
4261;https://fastcash-geneve.ch/img/p/4/2/6/0/4260-small_default.jpg;Seiko Présage 36MM Automatic.;;Luxe;299.9;299,90 CHF;0
4255;https://fastcash-geneve.ch/img/p/4/2/5/4/4254-small_default.jpg;Stylo bille Montblanc.;;Luxe;179.9;179,90 CHF;0
4252;https://fastcash-geneve.ch/img/p/4/2/5/1/4251-small_default.jpg;Guess Sport Quartz;;Luxe;159.9;159,90 CHF;1
4247;https://fastcash-geneve.ch/img/p/4/2/4/6/4246-small_default.jpg;Swatch X Omega Mission To The Moon. Vendu dans l’état.;;Luxe;149.9;149,90 CHF;0
4242;https://fastcash-geneve.ch/img/p/4/2/4/1/4241-small_default.jpg;Tissot T-Sport V8 Chrono quartz.;;Montres;199.9;199,90 CHF;1
4237;https://fastcash-geneve.ch/img/p/4/2/3/6/4236-small_default.jpg;Pendentif en or 18K avec émeraude.;;Luxe;399.9;399,90 CHF;0
4234;https://fastcash-geneve.ch/img/p/4/2/3/3/4233-small_default.jpg;Bracelet en or 14K 4.5gr;;Luxe;279.9;279,90 CHF;1
4224;https://fastcash-geneve.ch/img/p/4/2/2/2/4222-small_default.jpg;Parapluie Burberry;;Luxe;229.9;229,90 CHF;1
4207;https://fastcash-geneve.ch/img/p/4/2/0/5/4205-small_default.jpg;Casque de réalité virtuelle Pico Neo 3 Pro 256GB;;Informatique;379.9;379,90 CHF;1
4203;https://fastcash-geneve.ch/img/p/4/2/0/2/4202-small_default.jpg;Sneaker Dolce Gabbana Sorrento P42;;Luxe;299.9;299,90 CHF;1
4198;https://fastcash-geneve.ch/img/p/4/1/9/4/4194-small_default.jpg;Louis Vuitton LV Driver P42 état neuf avec facture.;;Luxe;599.9;599,90 CHF;0
4175;https://fastcash-geneve.ch/img/p/4/1/7/4/4174-small_default.jpg;Sac à main Prada Re-Nylon;;Luxe;299.9;299,90 CHF;1
4166;https://fastcash-geneve.ch/img/p/4/1/6/5/4165-small_default.jpg;Casque sans fil Marshall Major IV. Etat neuf.;;Image&Son;69.9;69,90 CHF;1
4156;https://fastcash-geneve.ch/img/p/4/1/5/4/4154-small_default.jpg;Redmi Note 11 Pro 5G 64GB Dual Sim;;Téléphonie;159.9;159,90 CHF;1
4145;https://fastcash-geneve.ch/img/p/4/1/4/4/4144-small_default.jpg;Apple IPhone 11 64GB Blanc Batterie 100%;;Téléphonie;149.9;149,90 CHF;1
4142;https://fastcash-geneve.ch/img/p/4/1/4/1/4141-small_default.jpg;Lunettes de soleil Saint Laurent SL 572 état neuf;;Luxe;229.9;229,90 CHF;0
4136;https://fastcash-geneve.ch/img/p/4/1/3/5/4135-small_default.jpg;Imprimante photo Fujifilm Instax Share SP3, produit neuf.;;Image&Son;99.9;99,90 CHF;0
4129;https://fastcash-geneve.ch/img/p/4/1/2/8/4128-small_default.jpg;Apple AirPods Max USB-C produit neuf scellé garantie.;;Accessoires;399.9;399,90 CHF;0
4127;https://fastcash-geneve.ch/img/p/4/1/2/6/4126-small_default.jpg;Apple AirPods Max Neuf scellé garantie 2 ans.;;Accessoires;399.9;399,90 CHF;-1
4122;https://fastcash-geneve.ch/img/p/4/1/2/0/4120-small_default.jpg;Sacoche Prada Re-Nylon;;Luxe;299.9;299,90 CHF;1
4068;https://fastcash-geneve.ch/img/p/4/0/6/6/4066-small_default.jpg;Sneaker Burberry P38;;Luxe;169.9;169,90 CHF;1
4059;https://fastcash-geneve.ch/img/p/4/0/5/8/4058-small_default.jpg;Écouteurs sans fil Marshall Minor IV, produit neuf.;;Image&Son;99.9;99,90 CHF;0
4057;https://fastcash-geneve.ch/img/p/4/0/5/6/4056-small_default.jpg;Écouteurs sans fil Google Galaxy Buds 2 Pro;;Accueil;149.9;149,90 CHF;1
4054;https://fastcash-geneve.ch/img/p/4/0/5/0/4050-small_default.jpg;Nike Air Max 90 By Claire P39. Produit neuf.;;Luxe;119.9;119,90 CHF;1
4048;https://fastcash-geneve.ch/img/p/4/0/4/6/4046-small_default.jpg;Asics Sonoma 6 GTX P39.5 produit neuf.;;Luxe;59.9;59,90 CHF;0
4042;https://fastcash-geneve.ch/img/p/4/0/4/1/4041-small_default.jpg;Converse All Star Montante P37 1/2, produit neuf.;;Luxe;64.9;64,90 CHF;1
4035;https://fastcash-geneve.ch/img/p/4/0/3/3/4033-small_default.jpg;Sneaker Kenzo P39;;Luxe;129.9;129,90 CHF;1
4030;https://fastcash-geneve.ch/img/p/4/0/2/8/4028-small_default.jpg;Balenciaga Speed Trainers 2.0 P40;;Luxe;279.9;279,90 CHF;1
4024;https://fastcash-geneve.ch/img/p/4/0/2/2/4022-small_default.jpg;Sneaker Jimmy Choo P38;;Luxe;149.9;149,90 CHF;1
4018;https://fastcash-geneve.ch/img/p/4/0/1/7/4017-small_default.jpg;Sneaker Tod’s P38;;Luxe;129.9;129,90 CHF;1
4012;https://fastcash-geneve.ch/img/p/4/0/1/0/4010-small_default.jpg;Sneaker Giuseppe Zanotti P39;;Luxe;129.9;129,90 CHF;1
4006;https://fastcash-geneve.ch/img/p/4/0/0/5/4005-small_default.jpg;Nike Air Max 90 P37 1/2;;Luxe;69.9;69,90 CHF;1
4001;https://fastcash-geneve.ch/img/p/4/0/0/0/4000-small_default.jpg;Écouteurs sans fil Sony LinkBuds Fit. Produit neuf.;;Accessoires;99.9;99,90 CHF;1
3997;https://fastcash-geneve.ch/img/p/3/9/9/2/3992-small_default.jpg;Porte Cartes Fendi accordion en cuir;;Luxe;119.9;119,90 CHF;1
3989;https://fastcash-geneve.ch/img/p/3/9/8/7/3987-small_default.jpg;Porte cartes en cuir Saint Laurent, état neuf.;;Luxe;199.9;199,90 CHF;1
3983;https://fastcash-geneve.ch/img/p/3/9/8/2/3982-small_default.jpg;Écouteurs sans fil JBL Live Pro +;;Image&Son;59.9;59,90 CHF;1
3961;https://fastcash-geneve.ch/img/p/3/9/6/0/3960-small_default.jpg;Écouteurs sans fil Sony WF-1000XM5 Noir, produit neuf.;;Accessoires;149.9;149,90 CHF;0
3959;https://fastcash-geneve.ch/img/p/3/9/5/8/3958-small_default.jpg;Écouteurs sans fil Sony WF-1000XM5, blanc, produit neuf.;;Accessoires;149.9;149,90 CHF;0
3950;https://fastcash-geneve.ch/img/p/3/9/4/7/3947-small_default.jpg;Sac à dos Prada Re-Nylon;;Luxe;299.9;299,90 CHF;1
3931;https://fastcash-geneve.ch/img/p/3/9/3/0/3930-small_default.jpg;Google Pixel Buds A-Series Blanc. Produit neuf.;;Accessoires;59.9;59,90 CHF;1
3929;https://fastcash-geneve.ch/img/p/3/9/2/8/3928-small_default.jpg;Porte Clés Montblanc Emblem, produit neuf.;;Luxe;179.9;179,90 CHF;1
3926;https://fastcash-geneve.ch/img/p/3/9/2/4/3924-small_default.jpg;Portefeuille Cartier, produit neuf, en cuir.;;Luxe;339.9;339,90 CHF;1
3922;https://fastcash-geneve.ch/img/p/3/9/2/1/3921-small_default.jpg;Portefeuille Cartier en cuir, produit neuf.;;Luxe;339.9;339,90 CHF;0
3916;https://fastcash-geneve.ch/img/p/3/9/1/5/3915-small_default.jpg;Collier en argent Gucci. Etat neuf.;;Bijouterie;229.9;229,90 CHF;0
3904;https://fastcash-geneve.ch/img/p/3/9/0/2/3902-small_default.jpg;MacBook Pro 13’’ 2016-2017 Intel I5 2GHZ 8GB 256GB Mac OS X;;Informatique;499.9;499,90 CHF;0
3901;https://fastcash-geneve.ch/img/p/3/9/0/0/3900-small_default.jpg;MacBook Pro 13’’ Intel I5 8GB 128GB 2017 Mac OS X Ventura;;Informatique;399.9;399,90 CHF;0
3898;https://fastcash-geneve.ch/img/p/3/8/9/7/3897-small_default.jpg;Écouteurs sans fil Marshall Motif II ANC. Produit neuf.;;Image&Son;129.9;129,90 CHF;1
3894;https://fastcash-geneve.ch/img/p/3/8/9/0/3890-small_default.jpg;Tissot PRX Automatic 40MM;;Luxe;499.9;499,90 CHF;0
3887;https://fastcash-geneve.ch/img/p/3/8/8/5/3885-small_default.jpg;Maurice Lacroix Aikon 33MM index en diamants.;;Luxe;1099.9;1 099,90 CHF;1
3879;https://fastcash-geneve.ch/img/p/3/8/7/8/3878-small_default.jpg;Samsung vidéo projecteur The Freestyle 2ND, produit neuf;;Image&Son;399.9;399,90 CHF;1
3856;https://fastcash-geneve.ch/img/p/3/8/5/4/3854-small_default.jpg;Châles Louis Vuitton.;;Luxe;299.9;299,90 CHF;1
3852;https://fastcash-geneve.ch/img/p/3/8/4/8/3848-small_default.jpg;Jogging Balenciaga taille M;;Luxe;299.9;299,90 CHF;1
3847;https://fastcash-geneve.ch/img/p/3/8/4/5/3845-small_default.jpg;Pantalon Jogging Gucci taille M.;;Luxe;799.9;799,90 CHF;0
3843;https://fastcash-geneve.ch/img/p/3/8/4/1/3841-small_default.jpg;Cargo Louis Vuitton taille 52, état neuf avec facture.;;Luxe;699.9;699,90 CHF;0
3835;https://fastcash-geneve.ch/img/p/3/8/3/9/3839-small_default.jpg;Tee Shirt Louis Vuitton en coton taille M. Etat neuf.;;Luxe;459.9;459,90 CHF;-1
3809;https://fastcash-geneve.ch/img/p/3/8/0/7/3807-small_default.jpg;Bob Gucci Fedora taille M, avec facture état neuf.;;Luxe;379.9;379,90 CHF;0
3801;https://fastcash-geneve.ch/img/p/3/7/9/9/3799-small_default.jpg;Sac avec bandoulière Jacquemus Le Bambinou, neuf, avec facture.;;Luxe;699.9;699,90 CHF;0
3792;https://fastcash-geneve.ch/img/p/3/7/8/8/3788-small_default.jpg;Sneaker Louis Vuitton A/W Heroes. P44. Etat neuf.;;Luxe;499.9;499,90 CHF;1
3786;https://fastcash-geneve.ch/img/p/3/7/8/5/3785-small_default.jpg;Sneaker Dior B01 P44, produit neuf.;;Luxe;599.9;599,90 CHF;1
3780;https://fastcash-geneve.ch/img/p/3/7/7/9/3779-small_default.jpg;Eau de toilette intense Invictus 100ML, produit neuf.;;Luxe;69.9;69,90 CHF;1
3778;https://fastcash-geneve.ch/img/p/3/7/7/7/3777-small_default.jpg;Eau de toilette Hugo Boss Dark Blue 75ml. Produit neuf.;;Luxe;39.9;39,90 CHF;2
3776;https://fastcash-geneve.ch/img/p/3/7/7/5/3775-small_default.jpg;Polo Burberry Taille M.;;Luxe;159.9;159,90 CHF;1
3751;https://fastcash-geneve.ch/img/p/3/7/4/7/3747-small_default.jpg;Manette sans fil pour Xbox Pc et Android. Etat neuf.;;Consoles, Jeux Vidéo;39.9;39,90 CHF;1
3746;https://fastcash-geneve.ch/img/p/3/7/4/5/3745-small_default.jpg;Monture Cartier vintage.;;Luxe;699.9;699,90 CHF;1
3741;https://fastcash-geneve.ch/img/p/3/7/4/0/3740-small_default.jpg;Manette Xbox Élite Séries 2, état neuf.;;Consoles, Jeux Vidéo;129.9;129,90 CHF;1
3739;https://fastcash-geneve.ch/img/p/3/7/3/8/3738-small_default.jpg;Mini portefeuille Balenciaga.;;Luxe;229.9;229,90 CHF;1
3729;https://fastcash-geneve.ch/img/p/3/7/2/8/3728-small_default.jpg;Escarpins Versace Palazzo Tripl P39, produit neuf.;;Luxe;449.9;449,90 CHF;1
3724;https://fastcash-geneve.ch/img/p/3/7/2/1/3721-small_default.jpg;Espadrilles Christian Louboutin Dehia 120 P39;;Luxe;150.0;150,00 CHF;1
3718;https://fastcash-geneve.ch/img/p/3/7/1/5/3715-small_default.jpg;Escarpins Christian Louboutin Daffodile Pumps P39;;Luxe;150.0;150,00 CHF;1
3714;https://fastcash-geneve.ch/img/p/3/7/1/0/3710-small_default.jpg;Escarpins Christian Louboutin Daffodile Plato P39;;Luxe;150.0;150,00 CHF;1
3709;https://fastcash-geneve.ch/img/p/3/7/0/6/3706-small_default.jpg;Escarpins Christian Louboutin Daffodile Édition Limitée P39;;Luxe;300.0;300,00 CHF;1
3704;https://fastcash-geneve.ch/img/p/3/7/0/2/3702-small_default.jpg;Escarpins Louboutin Daffodile rouge P39.;;Luxe;250.0;250,00 CHF;1
3700;https://fastcash-geneve.ch/img/p/3/6/9/8/3698-small_default.jpg;Escarpins Christian Louboutin Fifi 80 Volant Bianca P39.;;Luxe;250.0;250,00 CHF;1
3695;https://fastcash-geneve.ch/img/p/3/6/9/3/3693-small_default.jpg;Escarpins Christian Louboutin Daffodile Boots Turquoise P39;;Luxe;250.0;250,00 CHF;1
3690;https://fastcash-geneve.ch/img/p/3/6/8/9/3689-small_default.jpg;Escarpins Christian Louboutin Python Butterfly Print P39;;Luxe;750.0;750,00 CHF;1
3685;https://fastcash-geneve.ch/img/p/3/6/8/4/3684-small_default.jpg;Escarpins Christian Louboutin Blue Denis Spikes P39;;Luxe;299.9;299,90 CHF;1
3673;https://fastcash-geneve.ch/img/p/3/6/7/1/3671-small_default.jpg;Sacoche Gucci Ophidia;;Luxe;599.9;599,90 CHF;1
3660;https://fastcash-geneve.ch/img/p/3/6/5/8/3658-small_default.jpg;Echarpe Yves Salomon en laine et cachemire, produit neuf.;;Luxe;199.9;199,90 CHF;1
3649;https://fastcash-geneve.ch/img/p/3/6/4/6/3646-small_default.jpg;Portefeuille Dior Gravity en cuir, état parfait.;;Luxe;399.9;399,90 CHF;1
3635;https://fastcash-geneve.ch/img/p/3/6/3/3/3633-small_default.jpg;Boutons de manchette Chopard 1000 Miglia en argent 925.;;Luxe;199.9;199,90 CHF;1
3625;https://fastcash-geneve.ch/img/p/3/6/2/4/3624-small_default.jpg;Samsung Galaxy S25 256GB 12GB 5G Dual Sim, Silver Shadow. Neuf scellé garantie 2 ans.;;Téléphonie;699.9;699,90 CHF;0
3623;https://fastcash-geneve.ch/img/p/3/6/2/1/3621-small_default.jpg;Portefeuille Hermes Dogon L15;;Luxe;599.9;599,90 CHF;1
3617;https://fastcash-geneve.ch/img/p/3/6/1/5/3615-small_default.jpg;Lunettes de soleil Gucci GG0471S, état neuf.;;Luxe;249.9;249,90 CHF;1
3613;https://fastcash-geneve.ch/img/p/3/6/1/0/3610-small_default.jpg;Lunettes de soleil Christian Dior Diorclub. Etat neuf.;;Luxe;299.9;299,90 CHF;1
3609;https://fastcash-geneve.ch/img/p/3/6/0/5/3605-small_default.jpg;Mules Gucci Princetown P39;;Luxe;299.9;299,90 CHF;1
3602;https://fastcash-geneve.ch/img/p/3/6/0/1/3601-small_default.jpg;SSD Samsung 870 Evo 2TB, produit neuf.;;Informatique;99.9;99,90 CHF;0
3596;https://fastcash-geneve.ch/img/p/3/5/9/4/3594-small_default.jpg;Apple IPhone 16 256GB Noir Batterie 100% Garantie Apple 1 an;;Téléphonie;749.9;749,90 CHF;0
3592;https://fastcash-geneve.ch/img/p/3/5/8/8/3588-small_default.jpg;Veste Sandro taille 38.;;Luxe;99.9;99,90 CHF;1
3586;https://fastcash-geneve.ch/img/p/3/5/8/4/3584-small_default.jpg;Sweat ACNÉ Studio taille XL.;;Luxe;169.9;169,90 CHF;1
3582;https://fastcash-geneve.ch/img/p/3/5/8/0/3580-small_default.jpg;Doudoune Columbia taille M produit neuf.;;Luxe;99.9;99,90 CHF;1
3578;https://fastcash-geneve.ch/img/p/3/5/7/5/3575-small_default.jpg;Gilet Stella McCartney taille M.;;Luxe;119.9;119,90 CHF;1
3573;https://fastcash-geneve.ch/img/p/3/5/7/1/3571-small_default.jpg;Sweat Givenchy taille XL.;;Luxe;249.9;249,90 CHF;1
3568;https://fastcash-geneve.ch/img/p/3/5/6/6/3566-small_default.jpg;Pull Off White taille L Oversize.;;Luxe;199.9;199,90 CHF;1
3563;https://fastcash-geneve.ch/img/p/3/5/6/1/3561-small_default.jpg;Veste Stone Island taille M-L;;Luxe;149.9;149,90 CHF;1
3556;https://fastcash-geneve.ch/img/p/3/5/5/3/3553-small_default.jpg;Chemise Louis Vuitton taille L.;;Luxe;599.9;599,90 CHF;0
3552;https://fastcash-geneve.ch/img/p/3/5/5/0/3550-small_default.jpg;Croc Top Brunello Cucinelli en cachemire, taille M.;;Luxe;149.9;149,90 CHF;1
3549;https://fastcash-geneve.ch/img/p/3/5/4/6/3546-small_default.jpg;Coupe-vent Loro Piana taille XL, prix neuf 4000.-;;Luxe;399.9;399,90 CHF;0
3544;https://fastcash-geneve.ch/img/p/3/5/4/1/3541-small_default.jpg;Coupe-vent Versace taille L.;;Luxe;229.9;229,90 CHF;0
3539;https://fastcash-geneve.ch/img/p/3/5/3/5/3535-small_default.jpg;Doudoune Canada Goose taille XL, état neuf.;;Luxe;499.9;499,90 CHF;-1
3527;https://fastcash-geneve.ch/img/p/3/5/2/5/3525-small_default.jpg;Drone DJI Mavic Air, avec télécommande, problème de nacelle.;;Image&Son;159.9;159,90 CHF;1
3520;https://fastcash-geneve.ch/img/p/3/5/1/7/3517-small_default.jpg;Porte cartes Louis Vuitton en cuir.;;Luxe;149.9;149,90 CHF;1
3507;https://fastcash-geneve.ch/img/p/3/5/0/6/3506-small_default.jpg;Porte cartes Hermes en cuir.;;Luxe;149.9;149,90 CHF;0
3504;https://fastcash-geneve.ch/img/p/3/5/0/2/3502-small_default.jpg;Ceinture Pierre Cardin en lézard, taille 115.;;Luxe;199.9;199,90 CHF;1
3500;https://fastcash-geneve.ch/img/p/3/4/9/7/3497-small_default.jpg;Ceinture en crocodile Pierre Cardin taille 115.;;Luxe;199.9;199,90 CHF;1
3481;https://fastcash-geneve.ch/img/p/3/4/7/9/3479-small_default.jpg;Louis Vuitton Vavin Chain Wallet Cuir empreinte..;;Luxe;1999.9;1 999,90 CHF;1
3468;https://fastcash-geneve.ch/img/p/3/4/6/6/3466-small_default.jpg;Jogging Balmain taille M;;Luxe;119.9;119,90 CHF;0
3464;https://fastcash-geneve.ch/img/p/3/4/6/2/3462-small_default.jpg;Gilet Stone Island taille M, avec facture.;;Luxe;199.9;199,90 CHF;0
3454;https://fastcash-geneve.ch/img/p/3/4/5/2/3452-small_default.jpg;Samsung Galaxy A6 Plus 32GB Dual Sim.;;Téléphonie;119.9;119,90 CHF;-1
3451;https://fastcash-geneve.ch/img/p/3/4/5/0/3450-small_default.jpg;Samsung Galaxy A05 32GB;;Téléphonie;99.9;99,90 CHF;-1
3448;https://fastcash-geneve.ch/img/p/3/4/4/6/3446-small_default.jpg;Samsung Galaxy A8 32GB Dual Sim.;;Téléphonie;129.9;129,90 CHF;-1
3445;https://fastcash-geneve.ch/img/p/3/4/4/3/3443-small_default.jpg;Samsung Galaxy A52 128GB Dual Sim.;;Téléphonie;189.9;189,90 CHF;0
3439;https://fastcash-geneve.ch/img/p/3/4/3/8/3438-small_default.jpg;Manette Xbox One, état neuf.;;Consoles, Jeux Vidéo;49.9;49,90 CHF;1
3437;https://fastcash-geneve.ch/img/p/3/4/3/6/3436-small_default.jpg;Samsung Galaxy X Cover Pro 64GB Dual Sim.;;Téléphonie;149.9;149,90 CHF;1
3433;https://fastcash-geneve.ch/img/p/3/4/2/8/3428-small_default.jpg;Lunettes de soleil Cartier Panthère, état neuf.;;Luxe;699.9;699,90 CHF;1
3426;https://fastcash-geneve.ch/img/p/3/4/2/5/3425-small_default.jpg;Résident Evil 3 PS5, produit neuf.;;Consoles, Jeux Vidéo;49.9;49,90 CHF;1
3422;https://fastcash-geneve.ch/img/p/3/4/2/0/3420-small_default.jpg;Canon 1200D avec objectif 18-55.;;Image&Son;199.9;199,90 CHF;0
3416;https://fastcash-geneve.ch/img/p/3/4/1/5/3415-small_default.jpg;FC 25 PS4, produit neuf.;;Consoles, Jeux Vidéo;39.9;39,90 CHF;2
3414;https://fastcash-geneve.ch/img/p/3/4/1/3/3413-small_default.jpg;Céline Luggage Phantom Electric Blue.;;Luxe;899.9;899,90 CHF;1
3407;https://fastcash-geneve.ch/img/p/3/4/0/5/3405-small_default.jpg;Porte cartes Montblanc cuir façon croco.;;Luxe;139.9;139,90 CHF;1
3401;https://fastcash-geneve.ch/img/p/3/4/0/0/3400-small_default.jpg;Mario Kart 7 Nintendo 3DS;;Consoles, Jeux Vidéo;19.9;19,90 CHF;1
3397;https://fastcash-geneve.ch/img/p/3/3/9/6/3396-small_default.jpg;Nintendo 3DS 1er Edition;;Consoles, Jeux Vidéo;119.9;119,90 CHF;0
3384;https://fastcash-geneve.ch/img/p/3/3/8/2/3382-small_default.jpg;Chopard Happy Sport Diamond avec carte d’authenticité;;Luxe;8999.9;8 999,90 CHF;1
3361;https://fastcash-geneve.ch/img/p/3/3/6/0/3360-small_default.jpg;Miss Dior Parfum 125ML, produit neuf.;;Luxe;89.9;89,90 CHF;1
3346;https://fastcash-geneve.ch/img/p/3/3/4/5/3345-small_default.jpg;Samsung Galaxy S23 128Gb Dual Sim;;Téléphonie;379.9;379,90 CHF;0
3334;https://fastcash-geneve.ch/img/p/3/3/3/2/3332-small_default.jpg;Asus TUF Gamer Intel I5 11th 3.1 GHZ, 16GB 512GB SSD, RTX 3060;;Informatique;549.9;549,90 CHF;0
3320;https://fastcash-geneve.ch/img/p/3/3/1/9/3319-small_default.jpg;Samsung Galaxy S23 Ultra 5G 512GB Dual Sim.;;Téléphonie;659.9;659,90 CHF;0
3296;https://fastcash-geneve.ch/img/p/3/2/9/4/3294-small_default.jpg;Apple IPhone X 256GB Batterie 100%.;;Téléphonie;229.9;229,90 CHF;1
3293;https://fastcash-geneve.ch/img/p/3/2/9/2/3292-small_default.jpg;Garmin Venu 3S, produit neuf.;;Téléphonie;229.9;229,90 CHF;0
3281;https://fastcash-geneve.ch/img/p/3/2/7/9/3279-small_default.jpg;Montre Mirexal Vintage Automatic;;Luxe;139.9;139,90 CHF;1
3276;https://fastcash-geneve.ch/img/p/3/2/7/3/3273-small_default.jpg;Montre Justa Vintage Automatic;;Luxe;139.9;139,90 CHF;1
3270;https://fastcash-geneve.ch/img/p/3/2/6/9/3269-small_default.jpg;Montre Nivada Vintage Automatic.;;Luxe;199.9;199,90 CHF;1
3254;https://fastcash-geneve.ch/img/p/3/2/5/2/3252-small_default.jpg;Oris Divers Sixty Five Automatic;;Luxe;1199.9;1 199,90 CHF;0
3241;https://fastcash-geneve.ch/img/p/3/2/4/0/3240-small_default.jpg;Apple Pencil Pro;;Informatique;109.9;109,90 CHF;0
3239;https://fastcash-geneve.ch/img/p/3/2/3/8/3238-small_default.jpg;Apple Magic Keyboard pour iPad 13’’ Etat neuf. Garantie Apple 2 ans.;;Informatique;249.9;249,90 CHF;0
3226;https://fastcash-geneve.ch/img/p/3/2/2/4/3224-small_default.jpg;Samsung Galaxy S21 Ultra 256GB Dual Sim;;Téléphonie;479.9;479,90 CHF;1
3223;https://fastcash-geneve.ch/img/p/3/2/2/2/3222-small_default.jpg;Samsung Galaxy S22 Ultra 5G 512GB Dual Sim;;Téléphonie;539.9;539,90 CHF;0
3220;https://fastcash-geneve.ch/img/p/3/2/1/9/3219-small_default.jpg;Samsung Galaxy S23 256GB Dual Sim.;;Téléphonie;449.9;449,90 CHF;0
3218;https://fastcash-geneve.ch/img/p/3/2/1/7/3217-small_default.jpg;Apple IPhone 11 128GB Noir, batterie 85%;;Téléphonie;339.9;339,90 CHF;0
3216;https://fastcash-geneve.ch/img/p/3/2/1/5/3215-small_default.jpg;Apple IPhone 11 64GB Jaune, Batterie neuve.;;Téléphonie;299.9;299,90 CHF;-1
3214;https://fastcash-geneve.ch/img/p/3/2/1/3/3213-small_default.jpg;Apple IPhone XR 64GB Batterie 86%;;Téléphonie;229.9;229,90 CHF;0
3212;https://fastcash-geneve.ch/img/p/3/2/1/1/3211-small_default.jpg;Apple IPhone XR Red Edition 64GB Batterie 86%;;Téléphonie;169.9;169,90 CHF;0
3206;https://fastcash-geneve.ch/img/p/3/2/0/5/3205-small_default.jpg;Apple IPhone XS Max 256GB Batterie 84%;;Téléphonie;199.9;199,90 CHF;0
3204;https://fastcash-geneve.ch/img/p/3/2/0/3/3203-small_default.jpg;Apple iPhone XR 64GB Noir, batterie neuve.;;Téléphonie;229.9;229,90 CHF;0
3202;https://fastcash-geneve.ch/img/p/3/2/0/1/3201-small_default.jpg;Apple IPhone 11 64GB Noir, batterie neuve.;;Téléphonie;249.9;249,90 CHF;0
3200;https://fastcash-geneve.ch/img/p/3/1/9/9/3199-small_default.jpg;Routeur TP-Link X60F, état neuf, lot de 2.;;Informatique;179.9;179,90 CHF;1
3198;https://fastcash-geneve.ch/img/p/3/1/9/7/3197-small_default.jpg;Veste Palm Angels taille XL;;Luxe;199.9;199,90 CHF;1
3192;https://fastcash-geneve.ch/img/p/3/1/9/1/3191-small_default.jpg;Ceinture Berluti T95, état neuf.;;Luxe;499.9;499,90 CHF;1
3171;https://fastcash-geneve.ch/img/p/3/1/6/8/3168-small_default.jpg;Parapluie Christian Dior vintage.;;Luxe;329.9;329,90 CHF;1
3167;https://fastcash-geneve.ch/img/p/3/1/6/4/3164-small_default.jpg;Jean’s Diesel taille 42. Etat neuf.;;Luxe;119.9;119,90 CHF;1
3163;https://fastcash-geneve.ch/img/p/3/1/6/0/3160-small_default.jpg;Jean’s Diesel taille 42. Etat neuf.;;Luxe;129.9;129,90 CHF;1
3159;https://fastcash-geneve.ch/img/p/3/1/5/8/3158-small_default.jpg;Mules Louis Vuitton Waterfront P43, état neuf.;;Luxe;329.9;329,90 CHF;0
3154;https://fastcash-geneve.ch/img/p/3/1/5/2/3152-small_default.jpg;Chanel 19, porte carte et téléphone.;;Luxe;499.9;499,90 CHF;0
3141;https://fastcash-geneve.ch/img/p/3/1/4/0/3140-small_default.jpg;Microsoft Surface 11 Pro 512GB 16GB Snapdragon 3ghz.;;Informatique;799.9;799,90 CHF;0
3135;https://fastcash-geneve.ch/img/p/3/1/3/2/3132-small_default.jpg;Ceinture Alexander McQueen taille 100;;Luxe;199.9;199,90 CHF;1
3131;https://fastcash-geneve.ch/img/p/3/1/2/9/3129-small_default.jpg;Cravate Lanvin;;Luxe;59.9;59,90 CHF;1
3128;https://fastcash-geneve.ch/img/p/3/1/2/6/3126-small_default.jpg;Ceinture Tod’s taille 100;;Luxe;199.9;199,90 CHF;0
3125;https://fastcash-geneve.ch/img/p/3/1/2/3/3123-small_default.jpg;Sac à dos en toile, Burberry.;;Luxe;499.9;499,90 CHF;1
3116;https://fastcash-geneve.ch/img/p/3/1/1/5/3115-small_default.jpg;Mocassin Louis Vuitton Monte Carlo P43;;Luxe;319.9;319,90 CHF;0
3102;https://fastcash-geneve.ch/img/p/3/0/9/9/3099-small_default.jpg;Rado Starliner 999 Automatic Vintage;;Luxe;599.9;599,90 CHF;0
3095;https://fastcash-geneve.ch/img/p/3/0/9/4/3094-small_default.jpg;Pull Hermes en cachemire taille L;;Luxe;199.9;199,90 CHF;0
3093;https://fastcash-geneve.ch/img/p/3/0/9/2/3092-small_default.jpg;Objectif Olympus 45MM F1.8;;Image&Son;149.9;149,90 CHF;1
3091;https://fastcash-geneve.ch/img/p/3/0/8/9/3089-small_default.jpg;Objectif Olympus 14-42;;Image&Son;149.9;149,90 CHF;1
3084;https://fastcash-geneve.ch/img/p/3/0/8/3/3083-small_default.jpg;Écouteurs Bluetooth Beats Flex, produit neuf.;;Image&Son;59.9;59,90 CHF;7
3082;https://fastcash-geneve.ch/img/p/3/0/8/1/3081-small_default.jpg;Mocassin Louis Vuitton en python P40;;Luxe;699.9;699,90 CHF;1
3076;https://fastcash-geneve.ch/img/p/3/0/7/3/3073-small_default.jpg;Sneaker Louis Vuitton Punchy Boot P37;;Luxe;299.9;299,90 CHF;1
3072;https://fastcash-geneve.ch/img/p/3/0/6/7/3067-small_default.jpg;Sneaker Dolce Gabbana Black Wedge P38.5, produit neuf.;;Luxe;279.9;279,90 CHF;1
3053;https://fastcash-geneve.ch/img/p/3/0/5/2/3052-small_default.jpg;Mario Party N64 Made In Japan.;;Consoles, Jeux Vidéo;99.9;99,90 CHF;1
3051;https://fastcash-geneve.ch/img/p/3/0/5/0/3050-small_default.jpg;The Legend Of Zelda N64;;Consoles, Jeux Vidéo;99.9;99,90 CHF;1
3048;https://fastcash-geneve.ch/img/p/3/0/4/7/3047-small_default.jpg;Mario Story N64 Made In Japan;;Consoles, Jeux Vidéo;79.9;79,90 CHF;1
3044;https://fastcash-geneve.ch/img/p/3/0/4/1/3041-small_default.jpg;Portefeuille Gucci en cuir.;;Luxe;199.9;199,90 CHF;0
3040;https://fastcash-geneve.ch/img/p/3/0/3/7/3037-small_default.jpg;Pochette Prada Re-Nylon, état neuf.;;Luxe;499.9;499,90 CHF;1
3032;https://fastcash-geneve.ch/img/p/3/0/2/9/3029-small_default.jpg;Pochette à maquillage Louis Vuitton toile damier ébène.;;Luxe;199.9;199,90 CHF;-5
3027;https://fastcash-geneve.ch/img/p/3/0/2/4/3024-small_default.jpg;Louis Vuitton Speedy 35 toile damier Azur.;;Luxe;679.9;679,90 CHF;0
3022;https://fastcash-geneve.ch/img/p/3/0/2/1/3021-small_default.jpg;Sac à main avec bandoulière Lady Dior, état neuf avec facture.;;Luxe;2999.9;2 999,90 CHF;0
3015;https://fastcash-geneve.ch/img/p/3/0/1/4/3014-small_default.jpg;Étoile Baccarat, produit neuf.;;Luxe;199.9;199,90 CHF;1
3012;https://fastcash-geneve.ch/img/p/3/0/1/1/3011-small_default.jpg;Micro sans fil Sony ECM-AW3;;Image&Son;99.9;99,90 CHF;1
3008;https://fastcash-geneve.ch/img/p/3/0/0/7/3007-small_default.jpg;Cendrier Hermes Tray Butterfly;;Luxe;499.9;499,90 CHF;1
3003;https://fastcash-geneve.ch/img/p/3/0/0/0/3000-small_default.jpg;Tissot PRX Automatic;;Luxe;499.9;499,90 CHF;0
2999;https://fastcash-geneve.ch/img/p/2/9/9/8/2998-small_default.jpg;Pochette Fendi Monster;;Luxe;399.9;399,90 CHF;0
2996;https://fastcash-geneve.ch/img/p/2/9/9/5/2995-small_default.jpg;Bob Christian Dior taille L;;Luxe;299.9;299,90 CHF;1
2991;https://fastcash-geneve.ch/img/p/2/9/9/0/2990-small_default.jpg;HP ZBook 13’’ Intel I7 V Pro 8TH 8GB Ram 512GB SSD Win 11;;Informatique;299.9;299,90 CHF;1
2987;https://fastcash-geneve.ch/img/p/2/9/8/6/2986-small_default.jpg;HP Envy 14’’ AMD 7 2 GHZ 16GB 1TB;;Informatique;599.9;599,90 CHF;1
2957;https://fastcash-geneve.ch/img/p/2/9/5/6/2956-small_default.jpg;Clavier Gamer filaire Razer Ornata V2;;Informatique;89.9;89,90 CHF;1
2946;https://fastcash-geneve.ch/img/p/2/9/4/5/2945-small_default.jpg;Ensemble survêtement C.P Company taille L.;;Luxe;199.9;199,90 CHF;0
2940;https://fastcash-geneve.ch/img/p/2/9/3/8/2938-small_default.jpg;Asus Vivebook K3605Z, Intel i7 12TH 16GB 512GB FTX 4060. Clavier Azerty. Produit neuf.;;Informatique;699.9;699,90 CHF;0
2935;https://fastcash-geneve.ch/img/p/2/9/3/4/2934-small_default.jpg;Invictus Victory Élixir 100ML, produit neuf.;;Luxe;79.9;79,90 CHF;1
2933;https://fastcash-geneve.ch/img/p/2/9/3/0/2930-small_default.jpg;HP 15’’ Intel I5 16GB 1TB Win 11, clavier Azerty, produit neuf.;;Informatique;399.9;399,90 CHF;0
2929;https://fastcash-geneve.ch/img/p/2/9/2/8/2928-small_default.jpg;Eau de parfum 1 Million 100ml, produit neuf.;;Luxe;79.9;79,90 CHF;1
2927;https://fastcash-geneve.ch/img/p/2/9/2/6/2926-small_default.jpg;Escarpins Christian Louboutin Kate 100 P42, Produit neuf.;;Luxe;449.9;449,90 CHF;1
2901;https://fastcash-geneve.ch/img/p/2/9/0/0/2900-small_default.jpg;Apple Magic Keyboard Folio pour iPad 10TH, produit neuf.;;Informatique;199.9;199,90 CHF;0
2899;https://fastcash-geneve.ch/img/p/2/8/9/8/2898-small_default.jpg;Casque Audio Sonos ACE, produit neuf.;;Image&Son;339.9;339,90 CHF;0
2893;https://fastcash-geneve.ch/img/p/2/8/8/9/2889-small_default.jpg;Portefeuille Louis Vuitton Zippy XXL Vintage;;Luxe;249.9;249,90 CHF;-1
2881;https://fastcash-geneve.ch/img/p/2/8/8/0/2880-small_default.jpg;Bonnet Moncler Taille S;;Luxe;139.9;139,90 CHF;1
2879;https://fastcash-geneve.ch/img/p/2/8/7/7/2877-small_default.jpg;Pochette cosmétique Louis Vuitton.;;Luxe;299.9;299,90 CHF;-1
2859;https://fastcash-geneve.ch/img/p/2/8/5/7/2857-small_default.jpg;Xiaomi 13T 256GB Dual SIM.;;Téléphonie;279.9;279,90 CHF;1
2843;https://fastcash-geneve.ch/img/p/2/8/4/2/2842-small_default.jpg;Nintendo Nintendo Switch Lite, produit neuf.;;Consoles, Jeux Vidéo;139.9;139,90 CHF;0
2835;https://fastcash-geneve.ch/img/p/2/8/3/4/2834-small_default.jpg;Support Smartphone et Watch, Mako, produit neuf.;;Téléphonie;59.9;59,90 CHF;1
2833;https://fastcash-geneve.ch/img/p/2/8/3/2/2832-small_default.jpg;Agenda et crayons Dior, produit neuf.;;Luxe;129.9;129,90 CHF;1
2820;https://fastcash-geneve.ch/img/p/2/8/1/9/2819-small_default.jpg;Eau de parfum Versace Éros 100ML, produit neuf.;;Luxe;79.9;79,90 CHF;0
2818;https://fastcash-geneve.ch/img/p/2/8/1/7/2817-small_default.jpg;Eau de parfum Cartier Panthère 100ML, produit neuf.;;Luxe;99.9;99,90 CHF;2
2816;https://fastcash-geneve.ch/img/p/2/8/1/5/2815-small_default.jpg;Crème Caudalie Premier Cru, produit neuf.;;Luxe;69.9;69,90 CHF;2
2814;https://fastcash-geneve.ch/img/p/2/8/1/3/2813-small_default.jpg;3 Bougies Christian Dior, produit neuf.;;Accessoires;199.9;199,90 CHF;1
2806;https://fastcash-geneve.ch/img/p/2/8/0/4/2804-small_default.jpg;Mini pochette à bandoulière Jacquemus Le Pitchou, état neuf.;;Luxe;149.9;149,90 CHF;1
2798;https://fastcash-geneve.ch/img/p/2/7/9/5/2795-small_default.jpg;Sacoche en toile Bally.;;Luxe;299.9;299,90 CHF;1
2792;https://fastcash-geneve.ch/img/p/2/7/9/1/2791-small_default.jpg;Coupe-vent Moncler taille M-L;;Luxe;349.9;349,90 CHF;1
2788;https://fastcash-geneve.ch/img/p/2/7/8/6/2786-small_default.jpg;Ceinture Gucci en cuir, taille 100;;Luxe;149.9;149,90 CHF;1
2783;https://fastcash-geneve.ch/img/p/2/7/8/2/2782-small_default.jpg;Console Playstation 1 avec câble et manette;;Consoles, Jeux Vidéo;49.9;49,90 CHF;1
2775;https://fastcash-geneve.ch/img/p/2/7/7/2/2772-small_default.jpg;Tudor Prince Date Tiger Auto Chrono Or Acier;;Luxe;4999.9;4 999,90 CHF;0
2769;https://fastcash-geneve.ch/img/p/2/7/6/3/2763-small_default.jpg;Louis Vuitton Speedy 30 Yayoi Kusama;;Luxe;1299.9;1 299,90 CHF;1
2759;https://fastcash-geneve.ch/img/p/2/7/5/7/2757-small_default.jpg;Veste Palm Angels Classic Track taille S;;Luxe;179.9;179,90 CHF;1
2756;https://fastcash-geneve.ch/img/p/2/7/5/5/2755-small_default.jpg;Veste Palm Angels Classic Track Red, taille M.;;Luxe;179.9;179,90 CHF;1
2751;https://fastcash-geneve.ch/img/p/2/7/5/0/2750-small_default.jpg;Veste Palm Angels Ice Scream Skull Track taille M;;Luxe;249.9;249,90 CHF;1
2748;https://fastcash-geneve.ch/img/p/2/7/4/7/2747-small_default.jpg;Ceinture en toile Gucci T80, état neuf.;;Luxe;199.9;199,90 CHF;1
2743;https://fastcash-geneve.ch/img/p/2/7/4/2/2742-small_default.jpg;Montre Zénith Auto Vintage.;;Luxe;799.9;799,90 CHF;1
2734;https://fastcash-geneve.ch/img/p/2/7/3/3/2733-small_default.jpg;Ceinture Moschino taille 75;;Luxe;99.9;99,90 CHF;1
2732;https://fastcash-geneve.ch/img/p/2/7/3/1/2731-small_default.jpg;Ceinture Gucci GG taille 85. Etat neuf.;;Luxe;299.9;299,90 CHF;1
2725;https://fastcash-geneve.ch/img/p/2/7/2/4/2724-small_default.jpg;Jeu PS5 Goldorak, collector. Produit neuf.;;Consoles, Jeux Vidéo;49.9;49,90 CHF;0
2723;https://fastcash-geneve.ch/img/p/2/7/2/1/2721-small_default.jpg;Portefeuille Burberry en toile.;;Luxe;199.9;199,90 CHF;1
2720;https://fastcash-geneve.ch/img/p/2/7/1/8/2718-small_default.jpg;Montre Spinnaker Spence Automatic.;;Luxe;329.9;329,90 CHF;1
2715;https://fastcash-geneve.ch/img/p/2/7/1/2/2712-small_default.jpg;Montre Vintage à Quartz, Raymond Weil.;;Luxe;159.9;159,90 CHF;1
2711;https://fastcash-geneve.ch/img/p/2/7/1/0/2710-small_default.jpg;Porte Passport Louis Vuitton Toile Monogram;;Luxe;199.9;199,90 CHF;1
2708;https://fastcash-geneve.ch/img/p/2/7/0/7/2707-small_default.jpg;Sac à dos en toile Burberry;;Luxe;399.9;399,90 CHF;1
2680;https://fastcash-geneve.ch/img/p/2/6/7/8/2678-small_default.jpg;Portefeuille Bottega Veneta en cuir.;;Luxe;199.9;199,90 CHF;1
2672;https://fastcash-geneve.ch/img/p/2/6/6/9/2669-small_default.jpg;Sac de voyage Louis Vuitton Vintage. Etat neuf.;;Luxe;799.9;799,90 CHF;1
2663;https://fastcash-geneve.ch/img/p/2/6/6/1/2661-small_default.jpg;Lunettes de soleil Burberry B4327;;Luxe;169.9;169,90 CHF;1
2659;https://fastcash-geneve.ch/img/p/2/6/5/7/2657-small_default.jpg;Bracelet Dolce Gabbana Circular Chain;;Luxe;229.9;229,90 CHF;1
2655;https://fastcash-geneve.ch/img/p/2/6/5/2/2652-small_default.jpg;Citizen Eco-Drive WR100, état neuf.;;Luxe;129.9;129,90 CHF;1
2650;https://fastcash-geneve.ch/img/p/2/6/4/4/2644-small_default.jpg;Sneaker Gucci Blanc Demetra P43, état neuf.;;Luxe;499.9;499,90 CHF;1
2643;https://fastcash-geneve.ch/img/p/2/6/4/0/2640-small_default.jpg;Sneaker Fendi P41, produit neuf.;;Luxe;329.9;329,90 CHF;1
2639;https://fastcash-geneve.ch/img/p/2/6/3/5/2635-small_default.jpg;Sneaker Louis Vuitton Rivoli P42, état neuf.;;Luxe;599.9;599,90 CHF;1
2633;https://fastcash-geneve.ch/img/p/2/6/3/1/2631-small_default.jpg;Sneaker Louis Vuitton P44;;Luxe;369.9;369,90 CHF;1
2628;https://fastcash-geneve.ch/img/p/2/6/2/6/2626-small_default.jpg;Fendi Monster Slip On P43;;Luxe;269.9;269,90 CHF;1
2623;https://fastcash-geneve.ch/img/p/2/6/2/0/2620-small_default.jpg;Mocassins Gucci Tartan Loup P42. Etat neuf.;;Luxe;449.9;449,90 CHF;1
2603;https://fastcash-geneve.ch/img/p/2/6/0/2/2602-small_default.jpg;Go Pro Hero 7 White Edition;;Image&Son;99.9;99,90 CHF;1
2600;https://fastcash-geneve.ch/img/p/2/5/9/9/2599-small_default.jpg;Écouteurs sans fil Microsoft Earbuds.;;Image&Son;139.9;139,90 CHF;1
2597;https://fastcash-geneve.ch/img/p/2/5/9/6/2596-small_default.jpg;Longue Doudoune Prada taille M;;Luxe;599.9;599,90 CHF;0
2593;https://fastcash-geneve.ch/img/p/2/5/9/2/2592-small_default.jpg;Crème Caudalie Premier Cru, produit neuf.;;Luxe;69.9;69,90 CHF;1
2561;https://fastcash-geneve.ch/img/p/2/5/6/0/2560-small_default.jpg;Apple AirPods Max Noir, neuf, scellé.;;Accessoires;369.9;369,90 CHF;2
2558;https://fastcash-geneve.ch/img/p/2/5/5/7/2557-small_default.jpg;Eau de parfum La vie est belle Lancôme. Produit neuf.;;Luxe;99.9;99,90 CHF;-1
2554;https://fastcash-geneve.ch/img/p/2/5/5/3/2553-small_default.jpg;Nintendo Switch Lite, produit neuf.;;Consoles, Jeux Vidéo;139.9;139,90 CHF;0
2538;https://fastcash-geneve.ch/img/p/2/5/3/7/2537-small_default.jpg;Lunettes de soleil Christian Dior EPZ11;;Lunettes;199.9;199,90 CHF;1
2531;https://fastcash-geneve.ch/img/p/2/5/2/9/2529-small_default.jpg;Lunettes de soleil Gucci GG0817S;;Luxe;219.9;219,90 CHF;1
2498;https://fastcash-geneve.ch/img/p/2/4/9/6/2496-small_default.jpg;Écouteurs sans fil Marshall Minor III;;Image&Son;99.9;99,90 CHF;1
2495;https://fastcash-geneve.ch/img/p/2/4/9/4/2494-small_default.jpg;Écouteurs sans fil JBL Wave Beam, produit neuf.;;Image&Son;39.9;39,90 CHF;1
2493;https://fastcash-geneve.ch/img/p/2/4/9/2/2492-small_default.jpg;Apple AirPods Pro 2 USB-C Etat neuf, garantie Apple 12.25;;Image&Son;159.9;159,90 CHF;0
2488;https://fastcash-geneve.ch/img/p/2/4/8/7/2487-small_default.jpg;Puzzle Dior, produit neuf;;Luxe;159.9;159,90 CHF;1
2485;https://fastcash-geneve.ch/img/p/2/4/8/3/2483-small_default.jpg;Agenda Christian Dior, produit neuf.;;Luxe;159.9;159,90 CHF;1
2482;https://fastcash-geneve.ch/img/p/2/4/8/0/2480-small_default.jpg;Agenda Gucci x Disney, produit neuf.;;Luxe;149.9;149,90 CHF;0
2478;https://fastcash-geneve.ch/img/p/2/4/7/6/2476-small_default.jpg;Gucci x Disney Crayon X6, produit neuf.;;Luxe;119.9;119,90 CHF;0
2472;https://fastcash-geneve.ch/img/p/2/4/5/7/2457-small_default.jpg;Vanity Louis Vuitton Vintage, en parfait état.;;Luxe;3499.9;3 499,90 CHF;1
2447;https://fastcash-geneve.ch/img/p/2/4/4/1/2441-small_default.jpg;Montre Automatic Ingersoll full set.;;Luxe;259.9;259,90 CHF;1
2440;https://fastcash-geneve.ch/img/p/2/4/3/7/2437-small_default.jpg;Omega DEVILLE à Quartz.;;Luxe;299.9;299,90 CHF;0
2435;https://fastcash-geneve.ch/img/p/2/4/3/3/2433-small_default.jpg;Cargo Stone Island T42;;Luxe;129.9;129,90 CHF;1
2419;https://fastcash-geneve.ch/img/p/2/4/1/6/2416-small_default.jpg;Ballerine Hermes In Con P38;;Luxe;299.9;299,90 CHF;0
2406;https://fastcash-geneve.ch/img/p/2/4/0/4/2404-small_default.jpg;Eau de toilette Poison Christian Dior, Vintage.;;Luxe;99.9;99,90 CHF;1
2403;https://fastcash-geneve.ch/img/p/2/4/0/2/2402-small_default.jpg;Christian Dior Poison, esprit de parfum, 100ml, vintage;;Luxe;399.9;399,90 CHF;0
2399;https://fastcash-geneve.ch/img/p/2/3/9/8/2398-small_default.jpg;Doudoune Tommy Hilfiger, taille XL, produit neuf.;;Luxe;99.9;99,90 CHF;1
2396;https://fastcash-geneve.ch/img/p/2/3/9/3/2393-small_default.jpg;Doudoune Moncler Grenoble taille L.;;Luxe;499.9;499,90 CHF;1
2387;https://fastcash-geneve.ch/img/p/2/3/8/3/2383-small_default.jpg;Valise Prada 57.5X37X23;;Luxe;599.9;599,90 CHF;1
2381;https://fastcash-geneve.ch/img/p/2/3/7/8/2378-small_default.jpg;Valise Prada 70X42X23;;Luxe;799.9;799,90 CHF;1
2375;https://fastcash-geneve.ch/img/p/2/3/7/2/2372-small_default.jpg;Portefeuille Cartier vintage, en parfait état.;;Luxe;129.9;129,90 CHF;1
2369;https://fastcash-geneve.ch/img/p/2/3/6/8/2368-small_default.jpg;House de ski Tag Heuer, produit neuf.;;Luxe;199.9;199,90 CHF;1
2367;https://fastcash-geneve.ch/img/p/2/3/6/5/2365-small_default.jpg;Hublot Classic Fusion Racing Grey 34MM, full set, garantie 4 ans.;;Montres;4999.9;4 999,90 CHF;0
2360;https://fastcash-geneve.ch/img/p/2/3/5/9/2359-small_default.jpg;Playstation 5 825GB Serie limitée Spiderman;;Consoles, Jeux Vidéo;599.9;599,90 CHF;1
2351;https://fastcash-geneve.ch/img/p/2/3/5/0/2350-small_default.jpg;Nike Jordan 1 Montante P37.5 état neuf;;Luxe;119.9;119,90 CHF;1
2345;https://fastcash-geneve.ch/img/p/2/3/4/1/2341-small_default.jpg;Sneaker montante Nike P36;;Luxe;49.9;49,90 CHF;1
2340;https://fastcash-geneve.ch/img/p/2/3/3/5/2335-small_default.jpg;Sneaker Montante Zadig Voltaire P36;;Luxe;119.9;119,90 CHF;1
2327;https://fastcash-geneve.ch/img/p/2/3/2/6/2326-small_default.jpg;Ceinture Gucci en tissu et cuir T85.;;Luxe;199.9;199,90 CHF;1
2323;https://fastcash-geneve.ch/img/p/2/3/1/9/2319-small_default.jpg;Ceinture Gucci Boucle GG Large T85, avec facture;;Luxe;279.9;279,90 CHF;1
2312;https://fastcash-geneve.ch/img/p/2/3/1/1/2311-small_default.jpg;Portefeuille Louis Vuitton Long Brazza;;Luxe;239.9;239,90 CHF;0
2305;https://fastcash-geneve.ch/img/p/2/3/0/4/2304-small_default.jpg;Escarpins Louis Vuitton Archlight P37 1/2 état neuf avec facture;;Luxe;599.9;599,90 CHF;1
2285;https://fastcash-geneve.ch/img/p/2/2/8/4/2284-small_default.jpg;Samsung Galaxy Buds 3, produit neuf.;;Accessoires;99.9;99,90 CHF;2
2283;https://fastcash-geneve.ch/img/p/2/2/8/2/2282-small_default.jpg;Playstation Moove prix à l’unité;;Consoles, Jeux Vidéo;34.9;34,90 CHF;2
2281;https://fastcash-geneve.ch/img/p/2/2/8/0/2280-small_default.jpg;Casque Playstation VR;;Consoles, Jeux Vidéo;149.9;149,90 CHF;1
2264;https://fastcash-geneve.ch/img/p/2/2/6/2/2262-small_default.jpg;Portefeuille Lacoste;;Luxe;79.9;79,90 CHF;1
2260;https://fastcash-geneve.ch/img/p/2/2/5/8/2258-small_default.jpg;Cuillère Rolex x6;;Luxe;199.9;199,90 CHF;1
2249;https://fastcash-geneve.ch/img/p/2/2/4/8/2248-small_default.jpg;Chargeur usb pour Apple Watch.;;Montres connectées;13.9;13,90 CHF;10
2247;https://fastcash-geneve.ch/img/p/2/2/4/6/2246-small_default.jpg;Adaptateur secteur 85W MagSafe 2 pour MacBook.;;Informatique;49.9;49,90 CHF;1
2245;https://fastcash-geneve.ch/img/p/2/2/4/4/2244-small_default.jpg;Adaptateur secteur 61W USB-C.;;Informatique;39.9;39,90 CHF;1
2243;https://fastcash-geneve.ch/img/p/2/2/4/2/2242-small_default.jpg;Adaptateur secteur 45W MagSafe 2 pour MacBook.;;Informatique;39.9;39,90 CHF;0
2241;https://fastcash-geneve.ch/img/p/2/2/4/0/2240-small_default.jpg;Écouteurs filaire Lightning pour iPhone.;;Accessoires;9.9;9,90 CHF;9
2234;https://fastcash-geneve.ch/img/p/2/2/3/3/2233-small_default.jpg;Coque de protection pour iPhone 16 Pro Max.;;Téléphonie;19.9;19,90 CHF;20
2231;https://fastcash-geneve.ch/img/p/2/2/3/0/2230-small_default.jpg;Verre trempé privacy pour iPhone 15 Pro;;Téléphonie;0.0;0,00 CHF;10
2229;https://fastcash-geneve.ch/img/p/2/2/2/8/2228-small_default.jpg;Verre trempé pour iPhone 16.;;Téléphonie;19.9;19,90 CHF;19
2227;https://fastcash-geneve.ch/img/p/2/2/2/6/2226-small_default.jpg;Verre trempé pour iPhone 16 Pro.;;Téléphonie;19.9;19,90 CHF;20
2225;https://fastcash-geneve.ch/img/p/2/2/2/4/2224-small_default.jpg;Verre trempé pour iPhone 16 Pro Max.;;Téléphonie;19.9;19,90 CHF;20
2223;https://fastcash-geneve.ch/img/p/2/2/2/2/2222-small_default.jpg;Sneaker montante Versus By Versace P40, état neuf.;;Luxe;199.9;199,90 CHF;1
2211;https://fastcash-geneve.ch/img/p/2/2/0/9/2209-small_default.jpg;Versace X Rosenthal Medusa 21cm;;Luxe;69.9;69,90 CHF;1
2208;https://fastcash-geneve.ch/img/p/2/2/0/5/2205-small_default.jpg;Rosenthal X Versace vendu dans l’état;;Luxe;39.9;39,90 CHF;1
2203;https://fastcash-geneve.ch/img/p/2/2/0/1/2201-small_default.jpg;Plateau en porcelaine Rosenthal X Versace 32cm;;Luxe;199.9;199,90 CHF;1
2200;https://fastcash-geneve.ch/img/p/2/1/9/8/2198-small_default.jpg;Rosenthal X Versace Edition Unicef;;Luxe;99.9;99,90 CHF;1
2197;https://fastcash-geneve.ch/img/p/2/1/9/6/2196-small_default.jpg;Polo Versace taille S-M, état neuf;;Luxe;179.9;179,90 CHF;1
2189;https://fastcash-geneve.ch/img/p/2/1/8/7/2187-small_default.jpg;Gucci Chain Print Jacket taille M;;Luxe;499.9;499,90 CHF;0
2183;https://fastcash-geneve.ch/img/p/2/1/8/2/2182-small_default.jpg;Nintendo Game Boy Color vert transparent.;;Consoles, Jeux Vidéo;179.9;179,90 CHF;1
2180;https://fastcash-geneve.ch/img/p/2/1/7/8/2178-small_default.jpg;Console Nintendo Game Boy Color Pokémon;;Consoles, Jeux Vidéo;239.9;239,90 CHF;0
2177;https://fastcash-geneve.ch/img/p/2/1/7/5/2175-small_default.jpg;Console Nintendo Game Boy Color Violet transparente.;;Consoles, Jeux Vidéo;179.9;179,90 CHF;1
2172;https://fastcash-geneve.ch/img/p/2/1/7/1/2171-small_default.jpg;Nintendo Game Boy Color;;Consoles, Jeux Vidéo;139.9;139,90 CHF;1
2163;https://fastcash-geneve.ch/img/p/2/1/6/2/2162-small_default.jpg;Pokemon Jaune Game Boy;;Consoles, Jeux Vidéo;99.9;99,90 CHF;1
2161;https://fastcash-geneve.ch/img/p/2/1/6/0/2160-small_default.jpg;Pokémon Bleu Game Boy;;Consoles, Jeux Vidéo;99.9;99,90 CHF;1
2156;https://fastcash-geneve.ch/img/p/2/1/5/5/2155-small_default.jpg;Veste Mi-Saison Burberry taille S.;;Luxe;279.9;279,90 CHF;0
2152;https://fastcash-geneve.ch/img/p/2/1/4/9/2149-small_default.jpg;Doudoune Mi-saison Burberry taille S;;Luxe;199.9;199,90 CHF;0
2148;https://fastcash-geneve.ch/img/p/2/1/4/7/2147-small_default.jpg;Echarpe Paul & Shark en coton;;Luxe;179.9;179,90 CHF;1
2146;https://fastcash-geneve.ch/img/p/2/1/4/2/2142-small_default.jpg;Hogan P40 état neuf;;Luxe;149.9;149,90 CHF;1
2141;https://fastcash-geneve.ch/img/p/2/1/4/0/2140-small_default.jpg;Sacoche Burberry Messenger.;;Luxe;399.9;399,90 CHF;1
2135;https://fastcash-geneve.ch/img/p/2/1/3/4/2134-small_default.jpg;Sacoche Prada Re-Nylon état neuf, avec facture.;;Luxe;599.9;599,90 CHF;1
2118;https://fastcash-geneve.ch/img/p/2/1/1/6/2116-small_default.jpg;Louis Vuitton Speedy 35 toile damier azur;;Luxe;679.9;679,90 CHF;0
2097;https://fastcash-geneve.ch/img/p/2/0/9/5/2095-small_default.jpg;Go Pro Hero 10 Black Edition.;;Image&Son;169.9;169,90 CHF;0
2094;https://fastcash-geneve.ch/img/p/2/0/9/3/2093-small_default.jpg;Lenovo M8 7’’ FHD Wifi + 4G;;Informatique;99.9;99,90 CHF;0
2091;https://fastcash-geneve.ch/img/p/2/0/9/0/2090-small_default.jpg;Bose Soundlink Flex. Produit neuf.;;Image&Son;119.9;119,90 CHF;1
2075;https://fastcash-geneve.ch/img/p/2/0/7/4/2074-small_default.jpg;Souris sans fil Gamer Logitech Pro 2 LightSpeed. Produit neuf.;;Informatique;79.9;79,90 CHF;1
2069;https://fastcash-geneve.ch/img/p/2/0/6/8/2068-small_default.jpg;Souris Gamer Razer Deathadder V3, produit neuf.;;Informatique;99.9;99,90 CHF;0
2065;https://fastcash-geneve.ch/img/p/2/0/6/4/2064-small_default.jpg;Casquette Balenciaga taille L, état neuf.;;Luxe;329.9;329,90 CHF;1
2061;https://fastcash-geneve.ch/img/p/2/0/5/9/2059-small_default.jpg;Jean’s Alexander McQueen taille 40. Etat neuf.;;Luxe;229.9;229,90 CHF;1
2024;https://fastcash-geneve.ch/img/p/2/0/2/2/2022-small_default.jpg;Pantalon Gucci en toile GG Ebene, taille S.;;Luxe;399.9;399,90 CHF;1
2017;https://fastcash-geneve.ch/img/p/2/0/1/6/2016-small_default.jpg;Mini Longchamp avec bandoulière.;;Luxe;99.9;99,90 CHF;1
2012;https://fastcash-geneve.ch/img/p/2/0/1/0/2010-small_default.jpg;Portefeuille Céline en cuir.;;Luxe;199.9;199,90 CHF;1
1997;https://fastcash-geneve.ch/img/p/1/9/9/5/1995-small_default.jpg;Sneaker Chanel Embroidery P41;;Luxe;599.9;599,90 CHF;1
1971;https://fastcash-geneve.ch/img/p/1/9/6/9/1969-small_default.jpg;Sneaker Burberry Check Basket P38;;Luxe;369.9;369,90 CHF;1
1955;https://fastcash-geneve.ch/img/p/1/9/5/2/1952-small_default.jpg;Maurice Lacroix Elios 40MM Quartz, état neuf;;Luxe;299.9;299,90 CHF;1
1951;https://fastcash-geneve.ch/img/p/1/9/5/0/1950-small_default.jpg;Montre Russe Pycckoe BPEMR Mouvement Mitoya;;Luxe;249.9;249,90 CHF;1
1945;https://fastcash-geneve.ch/img/p/1/9/4/4/1944-small_default.jpg;Bracelet Hermes Bouquets Selliers;;Bijouterie;229.9;229,90 CHF;0
1941;https://fastcash-geneve.ch/img/p/1/9/3/9/1939-small_default.jpg;Bell&Ross BR03-92 10TH Anniversaire, full set.;;Luxe;2599.9;2 599,90 CHF;0
1934;https://fastcash-geneve.ch/img/p/1/9/3/3/1933-small_default.jpg;FC25 PS5, produit neuf.;;Consoles, Jeux Vidéo;59.9;59,90 CHF;1
1932;https://fastcash-geneve.ch/img/p/1/9/3/1/1931-small_default.jpg;Sac à main Gucci Soho, en parfait état;;Luxe;699.9;699,90 CHF;1
1926;https://fastcash-geneve.ch/img/p/1/9/2/4/1924-small_default.jpg;Bottines Fendi Rockoko P37;;Luxe;399.9;399,90 CHF;1
1915;https://fastcash-geneve.ch/img/p/1/9/1/4/1914-small_default.jpg;Montblanc Star Legacy Automatic, full set, état neuf;;Luxe;1999.9;1 999,90 CHF;2
1904;https://fastcash-geneve.ch/img/p/1/9/0/3/1903-small_default.jpg;Omega DeVille 42MM Full Set Etat Neuf Garantie 5 ans.;;Luxe;2299.9;2 299,90 CHF;1
1865;https://fastcash-geneve.ch/img/p/1/8/6/4/1864-small_default.jpg;Samsung Galaxy Buds 3, produit neuf.;;Accessoires;99.9;99,90 CHF;1
1861;https://fastcash-geneve.ch/img/p/1/8/5/8/1858-small_default.jpg;Tissot PRX 40 Quartz Full Set, Etat neuf.;;Luxe;299.9;299,90 CHF;0
1855;https://fastcash-geneve.ch/img/p/1/8/5/4/1854-small_default.jpg;Briquet Dupont Ligne 1 Laque De Chine, full set.;;Luxe;799.9;799,90 CHF;1
1852;https://fastcash-geneve.ch/img/p/1/8/4/9/1849-small_default.jpg;Montre Hugo Boss Chrono Date, produit neuf.;;Luxe;159.9;159,90 CHF;1
1842;https://fastcash-geneve.ch/img/p/1/8/4/1/1841-small_default.jpg;Sac bandoulière Prada Re-Nylon Crossbody;;Luxe;699.9;699,90 CHF;1
1829;https://fastcash-geneve.ch/img/p/1/8/2/8/1828-small_default.jpg;Asus Rog Ally AMD Z1 Extreme, 16GB 512GB, état neuf;;Informatique;349.9;349,90 CHF;1
1822;https://fastcash-geneve.ch/img/p/1/8/2/1/1821-small_default.jpg;Samsung Galaxy A06 128GB 4GB Dual Sim, produit neuf.;;Téléphonie;139.9;139,90 CHF;-2
1816;https://fastcash-geneve.ch/img/p/1/8/1/5/1815-small_default.jpg;Porte-clés Montblanc, produit neuf;;Luxe;139.9;139,90 CHF;0
1813;https://fastcash-geneve.ch/img/p/1/8/1/2/1812-small_default.jpg;Apple AirPods Max, neuf, scellé, garantie 2 ans.;;Image&Son;419.9;419,90 CHF;0
1793;https://fastcash-geneve.ch/img/p/1/7/9/1/1791-small_default.jpg;Frederique Constant Slimline Moonphase, état neuf;;Luxe;1999.9;1 999,90 CHF;0
1778;https://fastcash-geneve.ch/img/p/1/7/7/6/1776-small_default.jpg;Montre Tudor Heritage Ranger;;Luxe;1799.9;1 799,90 CHF;0
1773;https://fastcash-geneve.ch/img/p/1/7/7/2/1772-small_default.jpg;Nintendo Switch Contrôler Pro, produit neuf.;;Consoles, Jeux Vidéo;39.9;39,90 CHF;0
1741;https://fastcash-geneve.ch/img/p/1/7/4/0/1740-small_default.jpg;Gautier Tourbillon phase de lune, état neuf;;Luxe;1999.9;1 999,90 CHF;-1
1733;https://fastcash-geneve.ch/img/p/1/7/3/1/1731-small_default.jpg;Rado Hyperchrome neuve full set prix boutique 4000.-;;Luxe;1599.9;1 599,90 CHF;1
1726;https://fastcash-geneve.ch/img/p/1/7/1/6/1716-small_default.jpg;Montre Bvlgari B Zéro 1 BZ35S avec Diamants;;Luxe;999.9;999,90 CHF;1
1712;https://fastcash-geneve.ch/img/p/1/7/0/9/1709-small_default.jpg;Samsung Galaxy Watch 7 GPS LTE 44MM;;Montres;269.9;269,90 CHF;1
1708;https://fastcash-geneve.ch/img/p/1/7/0/7/1707-small_default.jpg;Cache oreilles Fendi.;;Luxe;299.9;299,90 CHF;1
1705;https://fastcash-geneve.ch/img/p/1/7/0/4/1704-small_default.jpg;Echarpe Burberry 2024, Etat neuf, 190CM;;Luxe;299.9;299,90 CHF;0
1702;https://fastcash-geneve.ch/img/p/1/7/0/1/1701-small_default.jpg;Pull Dior Black Logo Taille M.;;Luxe;299.9;299,90 CHF;1
1692;https://fastcash-geneve.ch/img/p/1/5/0/1/1501-small_default.jpg;Pull Balenciaga, taille L;;Luxe;249.9;249,90 CHF;1
1482;https://fastcash-geneve.ch/img/p/1/4/7/9/1479-small_default.jpg;Portefeuille Louis Vuitton Damier Graphite;;Luxe;399.9;399,90 CHF;0
1472;https://fastcash-geneve.ch/img/p/1/4/7/0/1470-small_default.jpg;Track Pants Casablanca taille L;;Luxe;299.9;299,90 CHF;1
1469;https://fastcash-geneve.ch/img/p/1/4/6/6/1466-small_default.jpg;Track Jacket Casablanca taille L;;Luxe;329.9;329,90 CHF;1
1465;https://fastcash-geneve.ch/img/p/1/4/6/3/1463-small_default.jpg;Sac bandoulière Louis Vuitton Louise.;;Luxe;899.9;899,90 CHF;0
1455;https://fastcash-geneve.ch/img/p/1/4/5/4/1454-small_default.jpg;Pull Off White taille M, Poche, édition limitée;;Vêtements;299.9;299,90 CHF;0
1443;https://fastcash-geneve.ch/img/p/1/4/4/2/1442-small_default.jpg;Sac bandoulière Prada Re-Edition 2005. Produit neuf.;;Luxe;1599.9;1 599,90 CHF;0
1417;https://fastcash-geneve.ch/img/p/1/4/1/6/1416-small_default.jpg;Samsung Galaxy Tab 7’’ Wifi-3G;;Informatique;119.9;119,90 CHF;0
1414;https://fastcash-geneve.ch/img/p/1/4/1/2/1412-small_default.jpg;Google Pixel 4 64GB;;Téléphonie;129.9;129,90 CHF;2
1380;https://fastcash-geneve.ch/img/p/1/3/7/5/1375-small_default.jpg;Sneaker Valentino P37.5;;Luxe;299.9;299,90 CHF;1
1353;https://fastcash-geneve.ch/img/p/1/3/5/1/1351-small_default.jpg;Sneaker montante Philipp Plein P43.;;Luxe;399.9;399,90 CHF;1
1335;https://fastcash-geneve.ch/img/p/1/3/3/2/1332-small_default.jpg;HP 850 G1 I5 4TH 8GB Ram 256GB SSD;;Informatique;299.9;299,90 CHF;0
1322;https://fastcash-geneve.ch/img/p/1/3/2/1/1321-small_default.jpg;Cravate Louis Vuitton America Cup;;Luxe;139.9;139,90 CHF;1
1319;https://fastcash-geneve.ch/img/p/1/3/1/7/1317-small_default.jpg;Louis Vuitton Aftergame P37;;Luxe;239.9;239,90 CHF;1
1311;https://fastcash-geneve.ch/img/p/1/3/0/8/1308-small_default.jpg;Manette  Razer Wolverine Ultimate;;Consoles, Jeux Vidéo;99.9;99,90 CHF;1
1300;https://fastcash-geneve.ch/img/p/1/2/9/8/1298-small_default.jpg;Sneaker Off-White P43;;Luxe;399.9;399,90 CHF;1
1288;https://fastcash-geneve.ch/img/p/1/2/8/7/1287-small_default.jpg;Disque Dur Externe WD 4TB, produit neuf.;;Informatique;89.9;89,90 CHF;-1
1286;https://fastcash-geneve.ch/img/p/1/2/8/4/1284-small_default.jpg;Amouage Meander 100ml, produit neuf;;Luxe;299.9;299,90 CHF;0
1283;https://fastcash-geneve.ch/img/p/1/2/8/1/1281-small_default.jpg;Amouage Search 100ml, produit neuf;;Luxe;299.9;299,90 CHF;0
1272;https://fastcash-geneve.ch/img/p/1/2/7/0/1270-small_default.jpg;Tissot Heritage 1938 Automatic COSC avec 2 bracelets,;;Luxe;599.9;599,90 CHF;0
1266;https://fastcash-geneve.ch/img/p/1/2/6/2/1262-small_default.jpg;Frederique Constant Dlimline Ladies Moonphase. Full set.;;Luxe;559.9;559,90 CHF;1
1257;https://fastcash-geneve.ch/img/p/1/2/5/2/1252-small_default.jpg;Frederique Constant Classic Index Automatic;;Luxe;599.9;599,90 CHF;0
1251;https://fastcash-geneve.ch/img/p/1/2/4/6/1246-small_default.jpg;Frederique Constant Classic Index Quartz;;Luxe;499.9;499,90 CHF;0
1236;https://fastcash-geneve.ch/img/p/1/2/3/5/1235-small_default.jpg;Maurice Lacroix Eliros 400MM Chrono full set, garantie 2 ans.;;Luxe;550.0;550,00 CHF;1
1231;https://fastcash-geneve.ch/img/p/1/2/2/4/1224-small_default.jpg;Citizen Skyhanwk Blue Angels état neuf;;Luxe;499.9;499,90 CHF;1
1221;https://fastcash-geneve.ch/img/p/1/2/2/0/1220-small_default.jpg;Bracelet en cuir Givenchy Lock. Produit neuf, taille S;;Luxe;199.9;199,90 CHF;1
1214;https://fastcash-geneve.ch/img/p/1/2/1/3/1213-small_default.jpg;Accessoire de sac Louis Vuitton, état neuf.;;Luxe;219.9;219,90 CHF;0
1183;https://fastcash-geneve.ch/img/p/1/1/8/2/1182-small_default.jpg;Micro Rode NT1-A;;Image&Son;139.9;139,90 CHF;1
1178;https://fastcash-geneve.ch/img/p/1/1/7/7/1177-small_default.jpg;Ace Combat 7 PS4;;Consoles, Jeux Vidéo;20.0;20,00 CHF;1
1174;https://fastcash-geneve.ch/img/p/1/1/6/8/1168-small_default.jpg;Sac à main Gucci Dionysus Tropical;;Luxe;1399.9;1 399,90 CHF;0
1158;https://fastcash-geneve.ch/img/p/1/1/5/7/1157-small_default.jpg;Tablette Samsung Galaxy Tab A 7’’ Wifi;;Informatique;99.9;99,90 CHF;0
1149;https://fastcash-geneve.ch/img/p/1/1/4/8/1148-small_default.jpg;Apple Watch Ultra 2, état neuf;;Montres;399.9;399,90 CHF;1
1136;https://fastcash-geneve.ch/img/p/1/1/3/5/1135-small_default.jpg;Sneaker Bottega Veneta P36, produit neuf;;Luxe;179.9;179,90 CHF;1
1130;https://fastcash-geneve.ch/img/p/1/1/2/7/1127-small_default.jpg;Montre Cerruti à quartz. Produit neuf.;;Luxe;199.9;199,90 CHF;1
1120;https://fastcash-geneve.ch/img/p/1/1/1/7/1117-small_default.jpg;Montre Tommy Hilfiger Océan, à quartz, produit neuf.;;Luxe;139.9;139,90 CHF;1
1110;https://fastcash-geneve.ch/img/p/1/1/0/9/1109-small_default.jpg;Citizen Eco-Drive WR100 Quartz, état neuf.;;Luxe;129.9;129,90 CHF;1
1106;https://fastcash-geneve.ch/img/p/1/1/0/5/1105-small_default.jpg;Montre Emporio Armani Chrono AR2434, produit neuf.;;Luxe;199.9;199,90 CHF;0
1102;https://fastcash-geneve.ch/img/p/1/1/0/0/1100-small_default.jpg;Montre Hugo Boss à quartz, produit neuf;;Luxe;139.9;139,90 CHF;1
1098;https://fastcash-geneve.ch/img/p/1/0/9/6/1096-small_default.jpg;Montre Tommy Hilfiger chrono quartz, produit neuf;;Luxe;139.9;139,90 CHF;1
1093;https://fastcash-geneve.ch/img/p/1/0/9/1/1091-small_default.jpg;Montre Police à quartz, produit neuf;;Luxe;0.0;0,00 CHF;-2
1089;https://fastcash-geneve.ch/img/p/1/0/8/7/1087-small_default.jpg;Montre Emporio Armani à quartz, produit neuf.;;Luxe;129.9;129,90 CHF;0
1085;https://fastcash-geneve.ch/img/p/1/0/8/3/1083-small_default.jpg;Montre Diesel DZ1893 à quartz.;;Luxe;99.9;99,90 CHF;1
1081;https://fastcash-geneve.ch/img/p/1/0/7/9/1079-small_default.jpg;Montre Guess à quartz Chrono, produit neuf.;;Luxe;199.9;199,90 CHF;1
1063;https://fastcash-geneve.ch/img/p/1/0/6/2/1062-small_default.jpg;Raymond Weil à quartz, vintage;;Luxe;149.9;149,90 CHF;1
1055;https://fastcash-geneve.ch/img/p/1/0/5/4/1054-small_default.jpg;Omega De Ville Quartz, vintage;;Luxe;299.9;299,90 CHF;0
1046;https://fastcash-geneve.ch/img/p/1/0/4/5/1045-small_default.jpg;Microsoft Laptop Go 3 I5 12TH 8GB 256GB;;Informatique;539.9;539,90 CHF;1
1033;https://fastcash-geneve.ch/img/p/1/0/3/0/1030-small_default.jpg;MacBook Pro 15’’ Touch Bar Intel I7 2.7 16GB 512GB;;Informatique;699.9;699,90 CHF;-1
1029;https://fastcash-geneve.ch/img/p/1/0/2/7/1027-small_default.jpg;Tissot Sea-Touch;;Luxe;279.9;279,90 CHF;1
1015;https://fastcash-geneve.ch/img/p/1/0/1/2/1012-small_default.jpg;Montre Rado Centrix Quartz Diamond full set garantie 2 ans, état neuf;;Luxe;999.9;999,90 CHF;0
1007;https://fastcash-geneve.ch/img/p/1/0/0/0/1000-small_default.jpg;Tissot T Race 2024 garantie 2 ans, avec 2 bracelets.;;Luxe;549.9;549,90 CHF;0
996;https://fastcash-geneve.ch/img/p/9/9/2/992-small_default.jpg;Tissot T-Touch Solar Connect;;Luxe;599.9;599,90 CHF;0
987;https://fastcash-geneve.ch/img/p/9/8/6/986-small_default.jpg;Casque sans fil Marshall Major V, état neuf;;Image&Son;99.9;99,90 CHF;1
984;https://fastcash-geneve.ch/img/p/9/7/8/978-small_default.jpg;Tissot T-Touch Solar Titanium;;Luxe;599.9;599,90 CHF;1
975;https://fastcash-geneve.ch/img/p/9/7/3/973-small_default.jpg;Bague en or 18K avec diamants, taille 51;;Luxe;599.9;599,90 CHF;1
961;https://fastcash-geneve.ch/img/p/9/6/0/960-small_default.jpg;Briquet Van Cleef Arpels Vintage;;Accueil;279.9;279,90 CHF;1
949;https://fastcash-geneve.ch/img/p/9/4/8/948-small_default.jpg;GTA V EDITION PREMIUM PS4;;Consoles, Jeux Vidéo;24.9;24,90 CHF;0
947;https://fastcash-geneve.ch/img/p/9/4/6/946-small_default.jpg;Red Dead Redemption PS4;;Consoles, Jeux Vidéo;24.9;24,90 CHF;1
945;https://fastcash-geneve.ch/img/p/9/4/4/944-small_default.jpg;FC25 PS4, produit neuf;;Consoles, Jeux Vidéo;49.9;49,90 CHF;1
943;https://fastcash-geneve.ch/img/p/9/4/2/942-small_default.jpg;Tetris Nintendo Boy, full set.;;Consoles, Jeux Vidéo;79.9;79,90 CHF;1
934;https://fastcash-geneve.ch/img/p/9/3/0/930-small_default.jpg;Valise Montblanc taille cabine, produit neuf;;Luxe;699.9;699,90 CHF;0
918;https://fastcash-geneve.ch/img/p/9/1/6/916-small_default.jpg;Console Nintendo Game Boy Fat, état neuf;;Consoles, Jeux Vidéo;299.9;299,90 CHF;1
908;https://fastcash-geneve.ch/img/p/9/0/6/906-small_default.jpg;Bague or 18k avec diamant et saphir, Mauboussin état neuf;;Luxe;599.9;599,90 CHF;1
900;https://fastcash-geneve.ch/img/p/8/9/7/897-small_default.jpg;Louis Vuitton Récital;;Luxe;399.9;399,90 CHF;0
881;https://fastcash-geneve.ch/img/p/8/8/0/880-small_default.jpg;Bad Boy Carolina Herrera le parfum, 100ml, produit neuf.;;Luxe;99.9;99,90 CHF;0
878;https://fastcash-geneve.ch/img/p/8/7/7/877-small_default.jpg;Sauvage Dior Élixir, produit neuf.;;Luxe;119.9;119,90 CHF;0
863;https://fastcash-geneve.ch/img/p/8/6/0/860-small_default.jpg;Lenovo L15 Gen 4 Intel I7 13TH 32GB 1TB état neuf;;Informatique;699.9;699,90 CHF;0
851;https://fastcash-geneve.ch/img/p/8/5/0/850-small_default.jpg;UE Boom 3, état neuf;;Image&Son;69.9;69,90 CHF;1
845;https://fastcash-geneve.ch/img/p/8/4/3/843-small_default.jpg;Jeux Nintendo Switch sans boîte, prix à l’unité;;Consoles, Jeux Vidéo;39.0;39,00 CHF;0
840;https://fastcash-geneve.ch/img/p/8/3/9/839-small_default.jpg;Écouteurs Bluetooth Devialet Gemini II, produit neuf;;Image&Son;299.0;299,00 CHF;0
837;https://fastcash-geneve.ch/img/p/8/3/6/836-small_default.jpg;Sacoche bandoulière Gucci Marmont, en parfait état.;;Maroquinerie;599.0;599,00 CHF;-1
814;https://fastcash-geneve.ch/img/p/8/1/3/813-small_default.jpg;Hublot Classic Fusion Racing Grey 26MM full set de 2023, garantie 2 ans;;Montres;5999.0;5 999,00 CHF;0
